queryID,query
1,"""vulnerability"" ""children"" -is:retweet -is:quote -is:reply"
2,"""exposure"" ""children"" -is:retweet -is:quote -is:reply"
3,"""habits"" ""children"" -is:retweet -is:quote -is:reply"
4,"""substance"" ""children"" -is:retweet -is:quote -is:reply"
5,"""drug"" ""children"" -is:retweet -is:quote -is:reply"
6,"""abuse"" ""children"" -is:retweet -is:quote -is:reply"
7,"""smoking"" ""children"" -is:retweet -is:quote -is:reply"
8,"""tobacco"" ""children"" -is:retweet -is:quote -is:reply"
9,"""nicotine"" ""children"" -is:retweet -is:quote -is:reply"
10,"""addiction"" ""children"" -is:retweet -is:quote -is:reply"
11,"""alcohol"" ""children"" -is:retweet -is:quote -is:reply"
12,"""drunkenness"" ""children"" -is:retweet -is:quote -is:reply"
13,"""alcoholism"" ""children"" -is:retweet -is:quote -is:reply"
14,"""chemical dependency"" ""children"" -is:retweet -is:quote -is:reply"
15,"""lifestyle"" ""children"" -is:retweet -is:quote -is:reply"
16,"""life style"" ""children"" -is:retweet -is:quote -is:reply"
17,"""life-style"" ""children"" -is:retweet -is:quote -is:reply"
18,"""diet"" ""children"" -is:retweet -is:quote -is:reply"
19,"""dieting"" ""children"" -is:retweet -is:quote -is:reply"
20,"""overeating"" ""children"" -is:retweet -is:quote -is:reply"
21,"""obesity"" ""children"" -is:retweet -is:quote -is:reply"
22,"""overweight"" ""children"" -is:retweet -is:quote -is:reply"
23,"""anorexia"" ""children"" -is:retweet -is:quote -is:reply"
24,"""bulimia"" ""children"" -is:retweet -is:quote -is:reply"
25,"""underweight"" ""children"" -is:retweet -is:quote -is:reply"
26,"""food"" ""children"" -is:retweet -is:quote -is:reply"
27,"""nutrition"" ""children"" -is:retweet -is:quote -is:reply"
28,"""nutriment"" ""children"" -is:retweet -is:quote -is:reply"
29,"""nutrient"" ""children"" -is:retweet -is:quote -is:reply"
30,"""nourishment"" ""children"" -is:retweet -is:quote -is:reply"
31,"""sustenance"" ""children"" -is:retweet -is:quote -is:reply"
32,"""aliment"" ""children"" -is:retweet -is:quote -is:reply"
33,"""alimentation"" ""children"" -is:retweet -is:quote -is:reply"
34,"""solid food"" ""children"" -is:retweet -is:quote -is:reply"
35,"""healthy food"" ""children"" -is:retweet -is:quote -is:reply"
36,"""physical exercise"" ""children"" -is:retweet -is:quote -is:reply"
37,"""exercise"" ""children"" -is:retweet -is:quote -is:reply"
38,"""exercising"" ""children"" -is:retweet -is:quote -is:reply"
39,"""physical exertion"" ""children"" -is:retweet -is:quote -is:reply"
40,"""workout"" ""children"" -is:retweet -is:quote -is:reply"
41,"""fitness"" ""children"" -is:retweet -is:quote -is:reply"
42,"""physical fitness"" ""children"" -is:retweet -is:quote -is:reply"
43,"""sedentary"" ""children"" -is:retweet -is:quote -is:reply"
44,"""inactivity"" ""children"" -is:retweet -is:quote -is:reply"
45,"""lack of exercise"" ""children"" -is:retweet -is:quote -is:reply"
46,"""procrastination"" ""children"" -is:retweet -is:quote -is:reply"
47,"""laziness"" ""children"" -is:retweet -is:quote -is:reply"
48,"""sleep quality"" ""children"" -is:retweet -is:quote -is:reply"
49,"""fatigue"" ""children"" -is:retweet -is:quote -is:reply"
50,"""insomnia"" ""children"" -is:retweet -is:quote -is:reply"
51,"""internet"" ""children"" -is:retweet -is:quote -is:reply"
52,"""computer"" ""children"" -is:retweet -is:quote -is:reply"
53,"""screen time"" ""children"" -is:retweet -is:quote -is:reply"
54,"""smartphone"" ""children"" -is:retweet -is:quote -is:reply"
55,"""IPhone"" ""children"" -is:retweet -is:quote -is:reply"
56,"""Android"" ""children"" -is:retweet -is:quote -is:reply"
57,"""television"" ""children"" -is:retweet -is:quote -is:reply"
58,"""tv"" ""children"" -is:retweet -is:quote -is:reply"
59,"""social media"" ""children"" -is:retweet -is:quote -is:reply"
60,"""health"" ""children"" -is:retweet -is:quote -is:reply"
61,"""wellness"" ""children"" -is:retweet -is:quote -is:reply"
62,"""noncommunicable disease"" ""children"" -is:retweet -is:quote -is:reply"
63,"""NCD"" ""children"" -is:retweet -is:quote -is:reply"
64,"""chronic disease"" ""children"" -is:retweet -is:quote -is:reply"
65,"""chronic respiratory disease"" ""children"" -is:retweet -is:quote -is:reply"
66,"""asthma"" ""children"" -is:retweet -is:quote -is:reply"
67,"""chronic obstructive pulmonary disease"" ""children"" -is:retweet -is:quote -is:reply"
68,"""COPD"" ""children"" -is:retweet -is:quote -is:reply"
69,"""lung cancer"" ""children"" -is:retweet -is:quote -is:reply"
70,"""cystic fibrosis"" ""children"" -is:retweet -is:quote -is:reply"
71,"""sleep apnea"" ""children"" -is:retweet -is:quote -is:reply"
72,"""occupational lung disease"" ""children"" -is:retweet -is:quote -is:reply"
73,"""cancer"" ""children"" -is:retweet -is:quote -is:reply"
74,"""tumor"" ""children"" -is:retweet -is:quote -is:reply"
75,"""carcinoma"" ""children"" -is:retweet -is:quote -is:reply"
76,"""melanoma"" ""children"" -is:retweet -is:quote -is:reply"
77,"""malignancy"" ""children"" -is:retweet -is:quote -is:reply"
78,"""lymphoma"" ""children"" -is:retweet -is:quote -is:reply"
79,"""malignant neoplastic disease"" ""children"" -is:retweet -is:quote -is:reply"
80,"""diabetes"" ""children"" -is:retweet -is:quote -is:reply"
81,"""insulin-dependent"" ""children"" -is:retweet -is:quote -is:reply"
82,"""cardiovascular disease"" ""children"" -is:retweet -is:quote -is:reply"
83,"""heart failure"" ""children"" -is:retweet -is:quote -is:reply"
84,"""heart muscle disease"" ""children"" -is:retweet -is:quote -is:reply"
85,"""cardiomyopathy"" ""children"" -is:retweet -is:quote -is:reply"
86,"""heart valve disease"" ""children"" -is:retweet -is:quote -is:reply"
87,"""pericardial disease"" ""children"" -is:retweet -is:quote -is:reply"
88,"""peripheral vascular disease"" ""children"" -is:retweet -is:quote -is:reply"
89,"""rheumatic heart disease"" ""children"" -is:retweet -is:quote -is:reply"
90,"""stroke"" ""children"" -is:retweet -is:quote -is:reply"
91,"""vascular disease"" ""children"" -is:retweet -is:quote -is:reply"
92,"""heart attack"" ""children"" -is:retweet -is:quote -is:reply"
93,"""unstable angina"" ""children"" -is:retweet -is:quote -is:reply"
94,"""high blood pressure"" ""children"" -is:retweet -is:quote -is:reply"
95,"""mental health"" ""children"" -is:retweet -is:quote -is:reply"
96,"""vulnerability"" ""child"" -is:retweet -is:quote -is:reply"
97,"""exposure"" ""child"" -is:retweet -is:quote -is:reply"
98,"""habits"" ""child"" -is:retweet -is:quote -is:reply"
99,"""substance"" ""child"" -is:retweet -is:quote -is:reply"
100,"""drug"" ""child"" -is:retweet -is:quote -is:reply"
101,"""abuse"" ""child"" -is:retweet -is:quote -is:reply"
102,"""smoking"" ""child"" -is:retweet -is:quote -is:reply"
103,"""tobacco"" ""child"" -is:retweet -is:quote -is:reply"
104,"""nicotine"" ""child"" -is:retweet -is:quote -is:reply"
105,"""addiction"" ""child"" -is:retweet -is:quote -is:reply"
106,"""alcohol"" ""child"" -is:retweet -is:quote -is:reply"
107,"""drunkenness"" ""child"" -is:retweet -is:quote -is:reply"
108,"""alcoholism"" ""child"" -is:retweet -is:quote -is:reply"
109,"""chemical dependency"" ""child"" -is:retweet -is:quote -is:reply"
110,"""lifestyle"" ""child"" -is:retweet -is:quote -is:reply"
111,"""life style"" ""child"" -is:retweet -is:quote -is:reply"
112,"""life-style"" ""child"" -is:retweet -is:quote -is:reply"
113,"""diet"" ""child"" -is:retweet -is:quote -is:reply"
114,"""dieting"" ""child"" -is:retweet -is:quote -is:reply"
115,"""overeating"" ""child"" -is:retweet -is:quote -is:reply"
116,"""obesity"" ""child"" -is:retweet -is:quote -is:reply"
117,"""overweight"" ""child"" -is:retweet -is:quote -is:reply"
118,"""anorexia"" ""child"" -is:retweet -is:quote -is:reply"
119,"""bulimia"" ""child"" -is:retweet -is:quote -is:reply"
120,"""underweight"" ""child"" -is:retweet -is:quote -is:reply"
121,"""food"" ""child"" -is:retweet -is:quote -is:reply"
122,"""nutrition"" ""child"" -is:retweet -is:quote -is:reply"
123,"""nutriment"" ""child"" -is:retweet -is:quote -is:reply"
124,"""nutrient"" ""child"" -is:retweet -is:quote -is:reply"
125,"""nourishment"" ""child"" -is:retweet -is:quote -is:reply"
126,"""sustenance"" ""child"" -is:retweet -is:quote -is:reply"
127,"""aliment"" ""child"" -is:retweet -is:quote -is:reply"
128,"""alimentation"" ""child"" -is:retweet -is:quote -is:reply"
129,"""solid food"" ""child"" -is:retweet -is:quote -is:reply"
130,"""healthy food"" ""child"" -is:retweet -is:quote -is:reply"
131,"""physical exercise"" ""child"" -is:retweet -is:quote -is:reply"
132,"""exercise"" ""child"" -is:retweet -is:quote -is:reply"
133,"""exercising"" ""child"" -is:retweet -is:quote -is:reply"
134,"""physical exertion"" ""child"" -is:retweet -is:quote -is:reply"
135,"""workout"" ""child"" -is:retweet -is:quote -is:reply"
136,"""fitness"" ""child"" -is:retweet -is:quote -is:reply"
137,"""physical fitness"" ""child"" -is:retweet -is:quote -is:reply"
138,"""sedentary"" ""child"" -is:retweet -is:quote -is:reply"
139,"""inactivity"" ""child"" -is:retweet -is:quote -is:reply"
140,"""lack of exercise"" ""child"" -is:retweet -is:quote -is:reply"
141,"""procrastination"" ""child"" -is:retweet -is:quote -is:reply"
142,"""laziness"" ""child"" -is:retweet -is:quote -is:reply"
143,"""sleep quality"" ""child"" -is:retweet -is:quote -is:reply"
144,"""fatigue"" ""child"" -is:retweet -is:quote -is:reply"
145,"""insomnia"" ""child"" -is:retweet -is:quote -is:reply"
146,"""internet"" ""child"" -is:retweet -is:quote -is:reply"
147,"""computer"" ""child"" -is:retweet -is:quote -is:reply"
148,"""screen time"" ""child"" -is:retweet -is:quote -is:reply"
149,"""smartphone"" ""child"" -is:retweet -is:quote -is:reply"
150,"""IPhone"" ""child"" -is:retweet -is:quote -is:reply"
151,"""Android"" ""child"" -is:retweet -is:quote -is:reply"
152,"""television"" ""child"" -is:retweet -is:quote -is:reply"
153,"""tv"" ""child"" -is:retweet -is:quote -is:reply"
154,"""social media"" ""child"" -is:retweet -is:quote -is:reply"
155,"""health"" ""child"" -is:retweet -is:quote -is:reply"
156,"""wellness"" ""child"" -is:retweet -is:quote -is:reply"
157,"""noncommunicable disease"" ""child"" -is:retweet -is:quote -is:reply"
158,"""NCD"" ""child"" -is:retweet -is:quote -is:reply"
159,"""chronic disease"" ""child"" -is:retweet -is:quote -is:reply"
160,"""chronic respiratory disease"" ""child"" -is:retweet -is:quote -is:reply"
161,"""asthma"" ""child"" -is:retweet -is:quote -is:reply"
162,"""chronic obstructive pulmonary disease"" ""child"" -is:retweet -is:quote -is:reply"
163,"""COPD"" ""child"" -is:retweet -is:quote -is:reply"
164,"""lung cancer"" ""child"" -is:retweet -is:quote -is:reply"
165,"""cystic fibrosis"" ""child"" -is:retweet -is:quote -is:reply"
166,"""sleep apnea"" ""child"" -is:retweet -is:quote -is:reply"
167,"""occupational lung disease"" ""child"" -is:retweet -is:quote -is:reply"
168,"""cancer"" ""child"" -is:retweet -is:quote -is:reply"
169,"""tumor"" ""child"" -is:retweet -is:quote -is:reply"
170,"""carcinoma"" ""child"" -is:retweet -is:quote -is:reply"
171,"""melanoma"" ""child"" -is:retweet -is:quote -is:reply"
172,"""malignancy"" ""child"" -is:retweet -is:quote -is:reply"
173,"""lymphoma"" ""child"" -is:retweet -is:quote -is:reply"
174,"""malignant neoplastic disease"" ""child"" -is:retweet -is:quote -is:reply"
175,"""diabetes"" ""child"" -is:retweet -is:quote -is:reply"
176,"""insulin-dependent"" ""child"" -is:retweet -is:quote -is:reply"
177,"""cardiovascular disease"" ""child"" -is:retweet -is:quote -is:reply"
178,"""heart failure"" ""child"" -is:retweet -is:quote -is:reply"
179,"""heart muscle disease"" ""child"" -is:retweet -is:quote -is:reply"
180,"""cardiomyopathy"" ""child"" -is:retweet -is:quote -is:reply"
181,"""heart valve disease"" ""child"" -is:retweet -is:quote -is:reply"
182,"""pericardial disease"" ""child"" -is:retweet -is:quote -is:reply"
183,"""peripheral vascular disease"" ""child"" -is:retweet -is:quote -is:reply"
184,"""rheumatic heart disease"" ""child"" -is:retweet -is:quote -is:reply"
185,"""stroke"" ""child"" -is:retweet -is:quote -is:reply"
186,"""vascular disease"" ""child"" -is:retweet -is:quote -is:reply"
187,"""heart attack"" ""child"" -is:retweet -is:quote -is:reply"
188,"""unstable angina"" ""child"" -is:retweet -is:quote -is:reply"
189,"""high blood pressure"" ""child"" -is:retweet -is:quote -is:reply"
190,"""mental health"" ""child"" -is:retweet -is:quote -is:reply"
191,"""vulnerability"" ""kid"" -is:retweet -is:quote -is:reply"
192,"""exposure"" ""kid"" -is:retweet -is:quote -is:reply"
193,"""habits"" ""kid"" -is:retweet -is:quote -is:reply"
194,"""substance"" ""kid"" -is:retweet -is:quote -is:reply"
195,"""drug"" ""kid"" -is:retweet -is:quote -is:reply"
196,"""abuse"" ""kid"" -is:retweet -is:quote -is:reply"
197,"""smoking"" ""kid"" -is:retweet -is:quote -is:reply"
198,"""tobacco"" ""kid"" -is:retweet -is:quote -is:reply"
199,"""nicotine"" ""kid"" -is:retweet -is:quote -is:reply"
200,"""addiction"" ""kid"" -is:retweet -is:quote -is:reply"
201,"""alcohol"" ""kid"" -is:retweet -is:quote -is:reply"
202,"""drunkenness"" ""kid"" -is:retweet -is:quote -is:reply"
203,"""alcoholism"" ""kid"" -is:retweet -is:quote -is:reply"
204,"""chemical dependency"" ""kid"" -is:retweet -is:quote -is:reply"
205,"""lifestyle"" ""kid"" -is:retweet -is:quote -is:reply"
206,"""life style"" ""kid"" -is:retweet -is:quote -is:reply"
207,"""life-style"" ""kid"" -is:retweet -is:quote -is:reply"
208,"""diet"" ""kid"" -is:retweet -is:quote -is:reply"
209,"""dieting"" ""kid"" -is:retweet -is:quote -is:reply"
210,"""overeating"" ""kid"" -is:retweet -is:quote -is:reply"
211,"""obesity"" ""kid"" -is:retweet -is:quote -is:reply"
212,"""overweight"" ""kid"" -is:retweet -is:quote -is:reply"
213,"""anorexia"" ""kid"" -is:retweet -is:quote -is:reply"
214,"""bulimia"" ""kid"" -is:retweet -is:quote -is:reply"
215,"""underweight"" ""kid"" -is:retweet -is:quote -is:reply"
216,"""food"" ""kid"" -is:retweet -is:quote -is:reply"
217,"""nutrition"" ""kid"" -is:retweet -is:quote -is:reply"
218,"""nutriment"" ""kid"" -is:retweet -is:quote -is:reply"
219,"""nutrient"" ""kid"" -is:retweet -is:quote -is:reply"
220,"""nourishment"" ""kid"" -is:retweet -is:quote -is:reply"
221,"""sustenance"" ""kid"" -is:retweet -is:quote -is:reply"
222,"""aliment"" ""kid"" -is:retweet -is:quote -is:reply"
223,"""alimentation"" ""kid"" -is:retweet -is:quote -is:reply"
224,"""solid food"" ""kid"" -is:retweet -is:quote -is:reply"
225,"""healthy food"" ""kid"" -is:retweet -is:quote -is:reply"
226,"""physical exercise"" ""kid"" -is:retweet -is:quote -is:reply"
227,"""exercise"" ""kid"" -is:retweet -is:quote -is:reply"
228,"""exercising"" ""kid"" -is:retweet -is:quote -is:reply"
229,"""physical exertion"" ""kid"" -is:retweet -is:quote -is:reply"
230,"""workout"" ""kid"" -is:retweet -is:quote -is:reply"
231,"""fitness"" ""kid"" -is:retweet -is:quote -is:reply"
232,"""physical fitness"" ""kid"" -is:retweet -is:quote -is:reply"
233,"""sedentary"" ""kid"" -is:retweet -is:quote -is:reply"
234,"""inactivity"" ""kid"" -is:retweet -is:quote -is:reply"
235,"""lack of exercise"" ""kid"" -is:retweet -is:quote -is:reply"
236,"""procrastination"" ""kid"" -is:retweet -is:quote -is:reply"
237,"""laziness"" ""kid"" -is:retweet -is:quote -is:reply"
238,"""sleep quality"" ""kid"" -is:retweet -is:quote -is:reply"
239,"""fatigue"" ""kid"" -is:retweet -is:quote -is:reply"
240,"""insomnia"" ""kid"" -is:retweet -is:quote -is:reply"
241,"""internet"" ""kid"" -is:retweet -is:quote -is:reply"
242,"""computer"" ""kid"" -is:retweet -is:quote -is:reply"
243,"""screen time"" ""kid"" -is:retweet -is:quote -is:reply"
244,"""smartphone"" ""kid"" -is:retweet -is:quote -is:reply"
245,"""IPhone"" ""kid"" -is:retweet -is:quote -is:reply"
246,"""Android"" ""kid"" -is:retweet -is:quote -is:reply"
247,"""television"" ""kid"" -is:retweet -is:quote -is:reply"
248,"""tv"" ""kid"" -is:retweet -is:quote -is:reply"
249,"""social media"" ""kid"" -is:retweet -is:quote -is:reply"
250,"""health"" ""kid"" -is:retweet -is:quote -is:reply"
251,"""wellness"" ""kid"" -is:retweet -is:quote -is:reply"
252,"""noncommunicable disease"" ""kid"" -is:retweet -is:quote -is:reply"
253,"""NCD"" ""kid"" -is:retweet -is:quote -is:reply"
254,"""chronic disease"" ""kid"" -is:retweet -is:quote -is:reply"
255,"""chronic respiratory disease"" ""kid"" -is:retweet -is:quote -is:reply"
256,"""asthma"" ""kid"" -is:retweet -is:quote -is:reply"
257,"""chronic obstructive pulmonary disease"" ""kid"" -is:retweet -is:quote -is:reply"
258,"""COPD"" ""kid"" -is:retweet -is:quote -is:reply"
259,"""lung cancer"" ""kid"" -is:retweet -is:quote -is:reply"
260,"""cystic fibrosis"" ""kid"" -is:retweet -is:quote -is:reply"
261,"""sleep apnea"" ""kid"" -is:retweet -is:quote -is:reply"
262,"""occupational lung disease"" ""kid"" -is:retweet -is:quote -is:reply"
263,"""cancer"" ""kid"" -is:retweet -is:quote -is:reply"
264,"""tumor"" ""kid"" -is:retweet -is:quote -is:reply"
265,"""carcinoma"" ""kid"" -is:retweet -is:quote -is:reply"
266,"""melanoma"" ""kid"" -is:retweet -is:quote -is:reply"
267,"""malignancy"" ""kid"" -is:retweet -is:quote -is:reply"
268,"""lymphoma"" ""kid"" -is:retweet -is:quote -is:reply"
269,"""malignant neoplastic disease"" ""kid"" -is:retweet -is:quote -is:reply"
270,"""diabetes"" ""kid"" -is:retweet -is:quote -is:reply"
271,"""insulin-dependent"" ""kid"" -is:retweet -is:quote -is:reply"
272,"""cardiovascular disease"" ""kid"" -is:retweet -is:quote -is:reply"
273,"""heart failure"" ""kid"" -is:retweet -is:quote -is:reply"
274,"""heart muscle disease"" ""kid"" -is:retweet -is:quote -is:reply"
275,"""cardiomyopathy"" ""kid"" -is:retweet -is:quote -is:reply"
276,"""heart valve disease"" ""kid"" -is:retweet -is:quote -is:reply"
277,"""pericardial disease"" ""kid"" -is:retweet -is:quote -is:reply"
278,"""peripheral vascular disease"" ""kid"" -is:retweet -is:quote -is:reply"
279,"""rheumatic heart disease"" ""kid"" -is:retweet -is:quote -is:reply"
280,"""stroke"" ""kid"" -is:retweet -is:quote -is:reply"
281,"""vascular disease"" ""kid"" -is:retweet -is:quote -is:reply"
282,"""heart attack"" ""kid"" -is:retweet -is:quote -is:reply"
283,"""unstable angina"" ""kid"" -is:retweet -is:quote -is:reply"
284,"""high blood pressure"" ""kid"" -is:retweet -is:quote -is:reply"
285,"""mental health"" ""kid"" -is:retweet -is:quote -is:reply"
286,"""vulnerability"" ""youngster"" -is:retweet -is:quote -is:reply"
287,"""exposure"" ""youngster"" -is:retweet -is:quote -is:reply"
288,"""habits"" ""youngster"" -is:retweet -is:quote -is:reply"
289,"""substance"" ""youngster"" -is:retweet -is:quote -is:reply"
290,"""drug"" ""youngster"" -is:retweet -is:quote -is:reply"
291,"""abuse"" ""youngster"" -is:retweet -is:quote -is:reply"
292,"""smoking"" ""youngster"" -is:retweet -is:quote -is:reply"
293,"""tobacco"" ""youngster"" -is:retweet -is:quote -is:reply"
294,"""nicotine"" ""youngster"" -is:retweet -is:quote -is:reply"
295,"""addiction"" ""youngster"" -is:retweet -is:quote -is:reply"
296,"""alcohol"" ""youngster"" -is:retweet -is:quote -is:reply"
297,"""drunkenness"" ""youngster"" -is:retweet -is:quote -is:reply"
298,"""alcoholism"" ""youngster"" -is:retweet -is:quote -is:reply"
299,"""chemical dependency"" ""youngster"" -is:retweet -is:quote -is:reply"
300,"""lifestyle"" ""youngster"" -is:retweet -is:quote -is:reply"
301,"""life style"" ""youngster"" -is:retweet -is:quote -is:reply"
302,"""life-style"" ""youngster"" -is:retweet -is:quote -is:reply"
303,"""diet"" ""youngster"" -is:retweet -is:quote -is:reply"
304,"""dieting"" ""youngster"" -is:retweet -is:quote -is:reply"
305,"""overeating"" ""youngster"" -is:retweet -is:quote -is:reply"
306,"""obesity"" ""youngster"" -is:retweet -is:quote -is:reply"
307,"""overweight"" ""youngster"" -is:retweet -is:quote -is:reply"
308,"""anorexia"" ""youngster"" -is:retweet -is:quote -is:reply"
309,"""bulimia"" ""youngster"" -is:retweet -is:quote -is:reply"
310,"""underweight"" ""youngster"" -is:retweet -is:quote -is:reply"
311,"""food"" ""youngster"" -is:retweet -is:quote -is:reply"
312,"""nutrition"" ""youngster"" -is:retweet -is:quote -is:reply"
313,"""nutriment"" ""youngster"" -is:retweet -is:quote -is:reply"
314,"""nutrient"" ""youngster"" -is:retweet -is:quote -is:reply"
315,"""nourishment"" ""youngster"" -is:retweet -is:quote -is:reply"
316,"""sustenance"" ""youngster"" -is:retweet -is:quote -is:reply"
317,"""aliment"" ""youngster"" -is:retweet -is:quote -is:reply"
318,"""alimentation"" ""youngster"" -is:retweet -is:quote -is:reply"
319,"""solid food"" ""youngster"" -is:retweet -is:quote -is:reply"
320,"""healthy food"" ""youngster"" -is:retweet -is:quote -is:reply"
321,"""physical exercise"" ""youngster"" -is:retweet -is:quote -is:reply"
322,"""exercise"" ""youngster"" -is:retweet -is:quote -is:reply"
323,"""exercising"" ""youngster"" -is:retweet -is:quote -is:reply"
324,"""physical exertion"" ""youngster"" -is:retweet -is:quote -is:reply"
325,"""workout"" ""youngster"" -is:retweet -is:quote -is:reply"
326,"""fitness"" ""youngster"" -is:retweet -is:quote -is:reply"
327,"""physical fitness"" ""youngster"" -is:retweet -is:quote -is:reply"
328,"""sedentary"" ""youngster"" -is:retweet -is:quote -is:reply"
329,"""inactivity"" ""youngster"" -is:retweet -is:quote -is:reply"
330,"""lack of exercise"" ""youngster"" -is:retweet -is:quote -is:reply"
331,"""procrastination"" ""youngster"" -is:retweet -is:quote -is:reply"
332,"""laziness"" ""youngster"" -is:retweet -is:quote -is:reply"
333,"""sleep quality"" ""youngster"" -is:retweet -is:quote -is:reply"
334,"""fatigue"" ""youngster"" -is:retweet -is:quote -is:reply"
335,"""insomnia"" ""youngster"" -is:retweet -is:quote -is:reply"
336,"""internet"" ""youngster"" -is:retweet -is:quote -is:reply"
337,"""computer"" ""youngster"" -is:retweet -is:quote -is:reply"
338,"""screen time"" ""youngster"" -is:retweet -is:quote -is:reply"
339,"""smartphone"" ""youngster"" -is:retweet -is:quote -is:reply"
340,"""IPhone"" ""youngster"" -is:retweet -is:quote -is:reply"
341,"""Android"" ""youngster"" -is:retweet -is:quote -is:reply"
342,"""television"" ""youngster"" -is:retweet -is:quote -is:reply"
343,"""tv"" ""youngster"" -is:retweet -is:quote -is:reply"
344,"""social media"" ""youngster"" -is:retweet -is:quote -is:reply"
345,"""health"" ""youngster"" -is:retweet -is:quote -is:reply"
346,"""wellness"" ""youngster"" -is:retweet -is:quote -is:reply"
347,"""noncommunicable disease"" ""youngster"" -is:retweet -is:quote -is:reply"
348,"""NCD"" ""youngster"" -is:retweet -is:quote -is:reply"
349,"""chronic disease"" ""youngster"" -is:retweet -is:quote -is:reply"
350,"""chronic respiratory disease"" ""youngster"" -is:retweet -is:quote -is:reply"
351,"""asthma"" ""youngster"" -is:retweet -is:quote -is:reply"
352,"""chronic obstructive pulmonary disease"" ""youngster"" -is:retweet -is:quote -is:reply"
353,"""COPD"" ""youngster"" -is:retweet -is:quote -is:reply"
354,"""lung cancer"" ""youngster"" -is:retweet -is:quote -is:reply"
355,"""cystic fibrosis"" ""youngster"" -is:retweet -is:quote -is:reply"
356,"""sleep apnea"" ""youngster"" -is:retweet -is:quote -is:reply"
357,"""occupational lung disease"" ""youngster"" -is:retweet -is:quote -is:reply"
358,"""cancer"" ""youngster"" -is:retweet -is:quote -is:reply"
359,"""tumor"" ""youngster"" -is:retweet -is:quote -is:reply"
360,"""carcinoma"" ""youngster"" -is:retweet -is:quote -is:reply"
361,"""melanoma"" ""youngster"" -is:retweet -is:quote -is:reply"
362,"""malignancy"" ""youngster"" -is:retweet -is:quote -is:reply"
363,"""lymphoma"" ""youngster"" -is:retweet -is:quote -is:reply"
364,"""malignant neoplastic disease"" ""youngster"" -is:retweet -is:quote -is:reply"
365,"""diabetes"" ""youngster"" -is:retweet -is:quote -is:reply"
366,"""insulin-dependent"" ""youngster"" -is:retweet -is:quote -is:reply"
367,"""cardiovascular disease"" ""youngster"" -is:retweet -is:quote -is:reply"
368,"""heart failure"" ""youngster"" -is:retweet -is:quote -is:reply"
369,"""heart muscle disease"" ""youngster"" -is:retweet -is:quote -is:reply"
370,"""cardiomyopathy"" ""youngster"" -is:retweet -is:quote -is:reply"
371,"""heart valve disease"" ""youngster"" -is:retweet -is:quote -is:reply"
372,"""pericardial disease"" ""youngster"" -is:retweet -is:quote -is:reply"
373,"""peripheral vascular disease"" ""youngster"" -is:retweet -is:quote -is:reply"
374,"""rheumatic heart disease"" ""youngster"" -is:retweet -is:quote -is:reply"
375,"""stroke"" ""youngster"" -is:retweet -is:quote -is:reply"
376,"""vascular disease"" ""youngster"" -is:retweet -is:quote -is:reply"
377,"""heart attack"" ""youngster"" -is:retweet -is:quote -is:reply"
378,"""unstable angina"" ""youngster"" -is:retweet -is:quote -is:reply"
379,"""high blood pressure"" ""youngster"" -is:retweet -is:quote -is:reply"
380,"""mental health"" ""youngster"" -is:retweet -is:quote -is:reply"
381,"""vulnerability"" ""minor"" -is:retweet -is:quote -is:reply"
382,"""exposure"" ""minor"" -is:retweet -is:quote -is:reply"
383,"""habits"" ""minor"" -is:retweet -is:quote -is:reply"
384,"""substance"" ""minor"" -is:retweet -is:quote -is:reply"
385,"""drug"" ""minor"" -is:retweet -is:quote -is:reply"
386,"""abuse"" ""minor"" -is:retweet -is:quote -is:reply"
387,"""smoking"" ""minor"" -is:retweet -is:quote -is:reply"
388,"""tobacco"" ""minor"" -is:retweet -is:quote -is:reply"
389,"""nicotine"" ""minor"" -is:retweet -is:quote -is:reply"
390,"""addiction"" ""minor"" -is:retweet -is:quote -is:reply"
391,"""alcohol"" ""minor"" -is:retweet -is:quote -is:reply"
392,"""drunkenness"" ""minor"" -is:retweet -is:quote -is:reply"
393,"""alcoholism"" ""minor"" -is:retweet -is:quote -is:reply"
394,"""chemical dependency"" ""minor"" -is:retweet -is:quote -is:reply"
395,"""lifestyle"" ""minor"" -is:retweet -is:quote -is:reply"
396,"""life style"" ""minor"" -is:retweet -is:quote -is:reply"
397,"""life-style"" ""minor"" -is:retweet -is:quote -is:reply"
398,"""diet"" ""minor"" -is:retweet -is:quote -is:reply"
399,"""dieting"" ""minor"" -is:retweet -is:quote -is:reply"
400,"""overeating"" ""minor"" -is:retweet -is:quote -is:reply"
401,"""obesity"" ""minor"" -is:retweet -is:quote -is:reply"
402,"""overweight"" ""minor"" -is:retweet -is:quote -is:reply"
403,"""anorexia"" ""minor"" -is:retweet -is:quote -is:reply"
404,"""bulimia"" ""minor"" -is:retweet -is:quote -is:reply"
405,"""underweight"" ""minor"" -is:retweet -is:quote -is:reply"
406,"""food"" ""minor"" -is:retweet -is:quote -is:reply"
407,"""nutrition"" ""minor"" -is:retweet -is:quote -is:reply"
408,"""nutriment"" ""minor"" -is:retweet -is:quote -is:reply"
409,"""nutrient"" ""minor"" -is:retweet -is:quote -is:reply"
410,"""nourishment"" ""minor"" -is:retweet -is:quote -is:reply"
411,"""sustenance"" ""minor"" -is:retweet -is:quote -is:reply"
412,"""aliment"" ""minor"" -is:retweet -is:quote -is:reply"
413,"""alimentation"" ""minor"" -is:retweet -is:quote -is:reply"
414,"""solid food"" ""minor"" -is:retweet -is:quote -is:reply"
415,"""healthy food"" ""minor"" -is:retweet -is:quote -is:reply"
416,"""physical exercise"" ""minor"" -is:retweet -is:quote -is:reply"
417,"""exercise"" ""minor"" -is:retweet -is:quote -is:reply"
418,"""exercising"" ""minor"" -is:retweet -is:quote -is:reply"
419,"""physical exertion"" ""minor"" -is:retweet -is:quote -is:reply"
420,"""workout"" ""minor"" -is:retweet -is:quote -is:reply"
421,"""fitness"" ""minor"" -is:retweet -is:quote -is:reply"
422,"""physical fitness"" ""minor"" -is:retweet -is:quote -is:reply"
423,"""sedentary"" ""minor"" -is:retweet -is:quote -is:reply"
424,"""inactivity"" ""minor"" -is:retweet -is:quote -is:reply"
425,"""lack of exercise"" ""minor"" -is:retweet -is:quote -is:reply"
426,"""procrastination"" ""minor"" -is:retweet -is:quote -is:reply"
427,"""laziness"" ""minor"" -is:retweet -is:quote -is:reply"
428,"""sleep quality"" ""minor"" -is:retweet -is:quote -is:reply"
429,"""fatigue"" ""minor"" -is:retweet -is:quote -is:reply"
430,"""insomnia"" ""minor"" -is:retweet -is:quote -is:reply"
431,"""internet"" ""minor"" -is:retweet -is:quote -is:reply"
432,"""computer"" ""minor"" -is:retweet -is:quote -is:reply"
433,"""screen time"" ""minor"" -is:retweet -is:quote -is:reply"
434,"""smartphone"" ""minor"" -is:retweet -is:quote -is:reply"
435,"""IPhone"" ""minor"" -is:retweet -is:quote -is:reply"
436,"""Android"" ""minor"" -is:retweet -is:quote -is:reply"
437,"""television"" ""minor"" -is:retweet -is:quote -is:reply"
438,"""tv"" ""minor"" -is:retweet -is:quote -is:reply"
439,"""social media"" ""minor"" -is:retweet -is:quote -is:reply"
440,"""health"" ""minor"" -is:retweet -is:quote -is:reply"
441,"""wellness"" ""minor"" -is:retweet -is:quote -is:reply"
442,"""noncommunicable disease"" ""minor"" -is:retweet -is:quote -is:reply"
443,"""NCD"" ""minor"" -is:retweet -is:quote -is:reply"
444,"""chronic disease"" ""minor"" -is:retweet -is:quote -is:reply"
445,"""chronic respiratory disease"" ""minor"" -is:retweet -is:quote -is:reply"
446,"""asthma"" ""minor"" -is:retweet -is:quote -is:reply"
447,"""chronic obstructive pulmonary disease"" ""minor"" -is:retweet -is:quote -is:reply"
448,"""COPD"" ""minor"" -is:retweet -is:quote -is:reply"
449,"""lung cancer"" ""minor"" -is:retweet -is:quote -is:reply"
450,"""cystic fibrosis"" ""minor"" -is:retweet -is:quote -is:reply"
451,"""sleep apnea"" ""minor"" -is:retweet -is:quote -is:reply"
452,"""occupational lung disease"" ""minor"" -is:retweet -is:quote -is:reply"
453,"""cancer"" ""minor"" -is:retweet -is:quote -is:reply"
454,"""tumor"" ""minor"" -is:retweet -is:quote -is:reply"
455,"""carcinoma"" ""minor"" -is:retweet -is:quote -is:reply"
456,"""melanoma"" ""minor"" -is:retweet -is:quote -is:reply"
457,"""malignancy"" ""minor"" -is:retweet -is:quote -is:reply"
458,"""lymphoma"" ""minor"" -is:retweet -is:quote -is:reply"
459,"""malignant neoplastic disease"" ""minor"" -is:retweet -is:quote -is:reply"
460,"""diabetes"" ""minor"" -is:retweet -is:quote -is:reply"
461,"""insulin-dependent"" ""minor"" -is:retweet -is:quote -is:reply"
462,"""cardiovascular disease"" ""minor"" -is:retweet -is:quote -is:reply"
463,"""heart failure"" ""minor"" -is:retweet -is:quote -is:reply"
464,"""heart muscle disease"" ""minor"" -is:retweet -is:quote -is:reply"
465,"""cardiomyopathy"" ""minor"" -is:retweet -is:quote -is:reply"
466,"""heart valve disease"" ""minor"" -is:retweet -is:quote -is:reply"
467,"""pericardial disease"" ""minor"" -is:retweet -is:quote -is:reply"
468,"""peripheral vascular disease"" ""minor"" -is:retweet -is:quote -is:reply"
469,"""rheumatic heart disease"" ""minor"" -is:retweet -is:quote -is:reply"
470,"""stroke"" ""minor"" -is:retweet -is:quote -is:reply"
471,"""vascular disease"" ""minor"" -is:retweet -is:quote -is:reply"
472,"""heart attack"" ""minor"" -is:retweet -is:quote -is:reply"
473,"""unstable angina"" ""minor"" -is:retweet -is:quote -is:reply"
474,"""high blood pressure"" ""minor"" -is:retweet -is:quote -is:reply"
475,"""mental health"" ""minor"" -is:retweet -is:quote -is:reply"
476,"""vulnerability"" ""baby"" -is:retweet -is:quote -is:reply"
477,"""exposure"" ""baby"" -is:retweet -is:quote -is:reply"
478,"""habits"" ""baby"" -is:retweet -is:quote -is:reply"
479,"""substance"" ""baby"" -is:retweet -is:quote -is:reply"
480,"""drug"" ""baby"" -is:retweet -is:quote -is:reply"
481,"""abuse"" ""baby"" -is:retweet -is:quote -is:reply"
482,"""smoking"" ""baby"" -is:retweet -is:quote -is:reply"
483,"""tobacco"" ""baby"" -is:retweet -is:quote -is:reply"
484,"""nicotine"" ""baby"" -is:retweet -is:quote -is:reply"
485,"""addiction"" ""baby"" -is:retweet -is:quote -is:reply"
486,"""alcohol"" ""baby"" -is:retweet -is:quote -is:reply"
487,"""drunkenness"" ""baby"" -is:retweet -is:quote -is:reply"
488,"""alcoholism"" ""baby"" -is:retweet -is:quote -is:reply"
489,"""chemical dependency"" ""baby"" -is:retweet -is:quote -is:reply"
490,"""lifestyle"" ""baby"" -is:retweet -is:quote -is:reply"
491,"""life style"" ""baby"" -is:retweet -is:quote -is:reply"
492,"""life-style"" ""baby"" -is:retweet -is:quote -is:reply"
493,"""diet"" ""baby"" -is:retweet -is:quote -is:reply"
494,"""dieting"" ""baby"" -is:retweet -is:quote -is:reply"
495,"""overeating"" ""baby"" -is:retweet -is:quote -is:reply"
496,"""obesity"" ""baby"" -is:retweet -is:quote -is:reply"
497,"""overweight"" ""baby"" -is:retweet -is:quote -is:reply"
498,"""anorexia"" ""baby"" -is:retweet -is:quote -is:reply"
499,"""bulimia"" ""baby"" -is:retweet -is:quote -is:reply"
500,"""underweight"" ""baby"" -is:retweet -is:quote -is:reply"
501,"""food"" ""baby"" -is:retweet -is:quote -is:reply"
502,"""nutrition"" ""baby"" -is:retweet -is:quote -is:reply"
503,"""nutriment"" ""baby"" -is:retweet -is:quote -is:reply"
504,"""nutrient"" ""baby"" -is:retweet -is:quote -is:reply"
505,"""nourishment"" ""baby"" -is:retweet -is:quote -is:reply"
506,"""sustenance"" ""baby"" -is:retweet -is:quote -is:reply"
507,"""aliment"" ""baby"" -is:retweet -is:quote -is:reply"
508,"""alimentation"" ""baby"" -is:retweet -is:quote -is:reply"
509,"""solid food"" ""baby"" -is:retweet -is:quote -is:reply"
510,"""healthy food"" ""baby"" -is:retweet -is:quote -is:reply"
511,"""physical exercise"" ""baby"" -is:retweet -is:quote -is:reply"
512,"""exercise"" ""baby"" -is:retweet -is:quote -is:reply"
513,"""exercising"" ""baby"" -is:retweet -is:quote -is:reply"
514,"""physical exertion"" ""baby"" -is:retweet -is:quote -is:reply"
515,"""workout"" ""baby"" -is:retweet -is:quote -is:reply"
516,"""fitness"" ""baby"" -is:retweet -is:quote -is:reply"
517,"""physical fitness"" ""baby"" -is:retweet -is:quote -is:reply"
518,"""sedentary"" ""baby"" -is:retweet -is:quote -is:reply"
519,"""inactivity"" ""baby"" -is:retweet -is:quote -is:reply"
520,"""lack of exercise"" ""baby"" -is:retweet -is:quote -is:reply"
521,"""procrastination"" ""baby"" -is:retweet -is:quote -is:reply"
522,"""laziness"" ""baby"" -is:retweet -is:quote -is:reply"
523,"""sleep quality"" ""baby"" -is:retweet -is:quote -is:reply"
524,"""fatigue"" ""baby"" -is:retweet -is:quote -is:reply"
525,"""insomnia"" ""baby"" -is:retweet -is:quote -is:reply"
526,"""internet"" ""baby"" -is:retweet -is:quote -is:reply"
527,"""computer"" ""baby"" -is:retweet -is:quote -is:reply"
528,"""screen time"" ""baby"" -is:retweet -is:quote -is:reply"
529,"""smartphone"" ""baby"" -is:retweet -is:quote -is:reply"
530,"""IPhone"" ""baby"" -is:retweet -is:quote -is:reply"
531,"""Android"" ""baby"" -is:retweet -is:quote -is:reply"
532,"""television"" ""baby"" -is:retweet -is:quote -is:reply"
533,"""tv"" ""baby"" -is:retweet -is:quote -is:reply"
534,"""social media"" ""baby"" -is:retweet -is:quote -is:reply"
535,"""health"" ""baby"" -is:retweet -is:quote -is:reply"
536,"""wellness"" ""baby"" -is:retweet -is:quote -is:reply"
537,"""noncommunicable disease"" ""baby"" -is:retweet -is:quote -is:reply"
538,"""NCD"" ""baby"" -is:retweet -is:quote -is:reply"
539,"""chronic disease"" ""baby"" -is:retweet -is:quote -is:reply"
540,"""chronic respiratory disease"" ""baby"" -is:retweet -is:quote -is:reply"
541,"""asthma"" ""baby"" -is:retweet -is:quote -is:reply"
542,"""chronic obstructive pulmonary disease"" ""baby"" -is:retweet -is:quote -is:reply"
543,"""COPD"" ""baby"" -is:retweet -is:quote -is:reply"
544,"""lung cancer"" ""baby"" -is:retweet -is:quote -is:reply"
545,"""cystic fibrosis"" ""baby"" -is:retweet -is:quote -is:reply"
546,"""sleep apnea"" ""baby"" -is:retweet -is:quote -is:reply"
547,"""occupational lung disease"" ""baby"" -is:retweet -is:quote -is:reply"
548,"""cancer"" ""baby"" -is:retweet -is:quote -is:reply"
549,"""tumor"" ""baby"" -is:retweet -is:quote -is:reply"
550,"""carcinoma"" ""baby"" -is:retweet -is:quote -is:reply"
551,"""melanoma"" ""baby"" -is:retweet -is:quote -is:reply"
552,"""malignancy"" ""baby"" -is:retweet -is:quote -is:reply"
553,"""lymphoma"" ""baby"" -is:retweet -is:quote -is:reply"
554,"""malignant neoplastic disease"" ""baby"" -is:retweet -is:quote -is:reply"
555,"""diabetes"" ""baby"" -is:retweet -is:quote -is:reply"
556,"""insulin-dependent"" ""baby"" -is:retweet -is:quote -is:reply"
557,"""cardiovascular disease"" ""baby"" -is:retweet -is:quote -is:reply"
558,"""heart failure"" ""baby"" -is:retweet -is:quote -is:reply"
559,"""heart muscle disease"" ""baby"" -is:retweet -is:quote -is:reply"
560,"""cardiomyopathy"" ""baby"" -is:retweet -is:quote -is:reply"
561,"""heart valve disease"" ""baby"" -is:retweet -is:quote -is:reply"
562,"""pericardial disease"" ""baby"" -is:retweet -is:quote -is:reply"
563,"""peripheral vascular disease"" ""baby"" -is:retweet -is:quote -is:reply"
564,"""rheumatic heart disease"" ""baby"" -is:retweet -is:quote -is:reply"
565,"""stroke"" ""baby"" -is:retweet -is:quote -is:reply"
566,"""vascular disease"" ""baby"" -is:retweet -is:quote -is:reply"
567,"""heart attack"" ""baby"" -is:retweet -is:quote -is:reply"
568,"""unstable angina"" ""baby"" -is:retweet -is:quote -is:reply"
569,"""high blood pressure"" ""baby"" -is:retweet -is:quote -is:reply"
570,"""mental health"" ""baby"" -is:retweet -is:quote -is:reply"
571,"""vulnerability"" ""girl"" -is:retweet -is:quote -is:reply"
572,"""exposure"" ""girl"" -is:retweet -is:quote -is:reply"
573,"""habits"" ""girl"" -is:retweet -is:quote -is:reply"
574,"""substance"" ""girl"" -is:retweet -is:quote -is:reply"
575,"""drug"" ""girl"" -is:retweet -is:quote -is:reply"
576,"""abuse"" ""girl"" -is:retweet -is:quote -is:reply"
577,"""smoking"" ""girl"" -is:retweet -is:quote -is:reply"
578,"""tobacco"" ""girl"" -is:retweet -is:quote -is:reply"
579,"""nicotine"" ""girl"" -is:retweet -is:quote -is:reply"
580,"""addiction"" ""girl"" -is:retweet -is:quote -is:reply"
581,"""alcohol"" ""girl"" -is:retweet -is:quote -is:reply"
582,"""drunkenness"" ""girl"" -is:retweet -is:quote -is:reply"
583,"""alcoholism"" ""girl"" -is:retweet -is:quote -is:reply"
584,"""chemical dependency"" ""girl"" -is:retweet -is:quote -is:reply"
585,"""lifestyle"" ""girl"" -is:retweet -is:quote -is:reply"
586,"""life style"" ""girl"" -is:retweet -is:quote -is:reply"
587,"""life-style"" ""girl"" -is:retweet -is:quote -is:reply"
588,"""diet"" ""girl"" -is:retweet -is:quote -is:reply"
589,"""dieting"" ""girl"" -is:retweet -is:quote -is:reply"
590,"""overeating"" ""girl"" -is:retweet -is:quote -is:reply"
591,"""obesity"" ""girl"" -is:retweet -is:quote -is:reply"
592,"""overweight"" ""girl"" -is:retweet -is:quote -is:reply"
593,"""anorexia"" ""girl"" -is:retweet -is:quote -is:reply"
594,"""bulimia"" ""girl"" -is:retweet -is:quote -is:reply"
595,"""underweight"" ""girl"" -is:retweet -is:quote -is:reply"
596,"""food"" ""girl"" -is:retweet -is:quote -is:reply"
597,"""nutrition"" ""girl"" -is:retweet -is:quote -is:reply"
598,"""nutriment"" ""girl"" -is:retweet -is:quote -is:reply"
599,"""nutrient"" ""girl"" -is:retweet -is:quote -is:reply"
600,"""nourishment"" ""girl"" -is:retweet -is:quote -is:reply"
601,"""sustenance"" ""girl"" -is:retweet -is:quote -is:reply"
602,"""aliment"" ""girl"" -is:retweet -is:quote -is:reply"
603,"""alimentation"" ""girl"" -is:retweet -is:quote -is:reply"
604,"""solid food"" ""girl"" -is:retweet -is:quote -is:reply"
605,"""healthy food"" ""girl"" -is:retweet -is:quote -is:reply"
606,"""physical exercise"" ""girl"" -is:retweet -is:quote -is:reply"
607,"""exercise"" ""girl"" -is:retweet -is:quote -is:reply"
608,"""exercising"" ""girl"" -is:retweet -is:quote -is:reply"
609,"""physical exertion"" ""girl"" -is:retweet -is:quote -is:reply"
610,"""workout"" ""girl"" -is:retweet -is:quote -is:reply"
611,"""fitness"" ""girl"" -is:retweet -is:quote -is:reply"
612,"""physical fitness"" ""girl"" -is:retweet -is:quote -is:reply"
613,"""sedentary"" ""girl"" -is:retweet -is:quote -is:reply"
614,"""inactivity"" ""girl"" -is:retweet -is:quote -is:reply"
615,"""lack of exercise"" ""girl"" -is:retweet -is:quote -is:reply"
616,"""procrastination"" ""girl"" -is:retweet -is:quote -is:reply"
617,"""laziness"" ""girl"" -is:retweet -is:quote -is:reply"
618,"""sleep quality"" ""girl"" -is:retweet -is:quote -is:reply"
619,"""fatigue"" ""girl"" -is:retweet -is:quote -is:reply"
620,"""insomnia"" ""girl"" -is:retweet -is:quote -is:reply"
621,"""internet"" ""girl"" -is:retweet -is:quote -is:reply"
622,"""computer"" ""girl"" -is:retweet -is:quote -is:reply"
623,"""screen time"" ""girl"" -is:retweet -is:quote -is:reply"
624,"""smartphone"" ""girl"" -is:retweet -is:quote -is:reply"
625,"""IPhone"" ""girl"" -is:retweet -is:quote -is:reply"
626,"""Android"" ""girl"" -is:retweet -is:quote -is:reply"
627,"""television"" ""girl"" -is:retweet -is:quote -is:reply"
628,"""tv"" ""girl"" -is:retweet -is:quote -is:reply"
629,"""social media"" ""girl"" -is:retweet -is:quote -is:reply"
630,"""health"" ""girl"" -is:retweet -is:quote -is:reply"
631,"""wellness"" ""girl"" -is:retweet -is:quote -is:reply"
632,"""noncommunicable disease"" ""girl"" -is:retweet -is:quote -is:reply"
633,"""NCD"" ""girl"" -is:retweet -is:quote -is:reply"
634,"""chronic disease"" ""girl"" -is:retweet -is:quote -is:reply"
635,"""chronic respiratory disease"" ""girl"" -is:retweet -is:quote -is:reply"
636,"""asthma"" ""girl"" -is:retweet -is:quote -is:reply"
637,"""chronic obstructive pulmonary disease"" ""girl"" -is:retweet -is:quote -is:reply"
638,"""COPD"" ""girl"" -is:retweet -is:quote -is:reply"
639,"""lung cancer"" ""girl"" -is:retweet -is:quote -is:reply"
640,"""cystic fibrosis"" ""girl"" -is:retweet -is:quote -is:reply"
641,"""sleep apnea"" ""girl"" -is:retweet -is:quote -is:reply"
642,"""occupational lung disease"" ""girl"" -is:retweet -is:quote -is:reply"
643,"""cancer"" ""girl"" -is:retweet -is:quote -is:reply"
644,"""tumor"" ""girl"" -is:retweet -is:quote -is:reply"
645,"""carcinoma"" ""girl"" -is:retweet -is:quote -is:reply"
646,"""melanoma"" ""girl"" -is:retweet -is:quote -is:reply"
647,"""malignancy"" ""girl"" -is:retweet -is:quote -is:reply"
648,"""lymphoma"" ""girl"" -is:retweet -is:quote -is:reply"
649,"""malignant neoplastic disease"" ""girl"" -is:retweet -is:quote -is:reply"
650,"""diabetes"" ""girl"" -is:retweet -is:quote -is:reply"
651,"""insulin-dependent"" ""girl"" -is:retweet -is:quote -is:reply"
652,"""cardiovascular disease"" ""girl"" -is:retweet -is:quote -is:reply"
653,"""heart failure"" ""girl"" -is:retweet -is:quote -is:reply"
654,"""heart muscle disease"" ""girl"" -is:retweet -is:quote -is:reply"
655,"""cardiomyopathy"" ""girl"" -is:retweet -is:quote -is:reply"
656,"""heart valve disease"" ""girl"" -is:retweet -is:quote -is:reply"
657,"""pericardial disease"" ""girl"" -is:retweet -is:quote -is:reply"
658,"""peripheral vascular disease"" ""girl"" -is:retweet -is:quote -is:reply"
659,"""rheumatic heart disease"" ""girl"" -is:retweet -is:quote -is:reply"
660,"""stroke"" ""girl"" -is:retweet -is:quote -is:reply"
661,"""vascular disease"" ""girl"" -is:retweet -is:quote -is:reply"
662,"""heart attack"" ""girl"" -is:retweet -is:quote -is:reply"
663,"""unstable angina"" ""girl"" -is:retweet -is:quote -is:reply"
664,"""high blood pressure"" ""girl"" -is:retweet -is:quote -is:reply"
665,"""mental health"" ""girl"" -is:retweet -is:quote -is:reply"
666,"""vulnerability"" ""boy"" -is:retweet -is:quote -is:reply"
667,"""exposure"" ""boy"" -is:retweet -is:quote -is:reply"
668,"""habits"" ""boy"" -is:retweet -is:quote -is:reply"
669,"""substance"" ""boy"" -is:retweet -is:quote -is:reply"
670,"""drug"" ""boy"" -is:retweet -is:quote -is:reply"
671,"""abuse"" ""boy"" -is:retweet -is:quote -is:reply"
672,"""smoking"" ""boy"" -is:retweet -is:quote -is:reply"
673,"""tobacco"" ""boy"" -is:retweet -is:quote -is:reply"
674,"""nicotine"" ""boy"" -is:retweet -is:quote -is:reply"
675,"""addiction"" ""boy"" -is:retweet -is:quote -is:reply"
676,"""alcohol"" ""boy"" -is:retweet -is:quote -is:reply"
677,"""drunkenness"" ""boy"" -is:retweet -is:quote -is:reply"
678,"""alcoholism"" ""boy"" -is:retweet -is:quote -is:reply"
679,"""chemical dependency"" ""boy"" -is:retweet -is:quote -is:reply"
680,"""lifestyle"" ""boy"" -is:retweet -is:quote -is:reply"
681,"""life style"" ""boy"" -is:retweet -is:quote -is:reply"
682,"""life-style"" ""boy"" -is:retweet -is:quote -is:reply"
683,"""diet"" ""boy"" -is:retweet -is:quote -is:reply"
684,"""dieting"" ""boy"" -is:retweet -is:quote -is:reply"
685,"""overeating"" ""boy"" -is:retweet -is:quote -is:reply"
686,"""obesity"" ""boy"" -is:retweet -is:quote -is:reply"
687,"""overweight"" ""boy"" -is:retweet -is:quote -is:reply"
688,"""anorexia"" ""boy"" -is:retweet -is:quote -is:reply"
689,"""bulimia"" ""boy"" -is:retweet -is:quote -is:reply"
690,"""underweight"" ""boy"" -is:retweet -is:quote -is:reply"
691,"""food"" ""boy"" -is:retweet -is:quote -is:reply"
692,"""nutrition"" ""boy"" -is:retweet -is:quote -is:reply"
693,"""nutriment"" ""boy"" -is:retweet -is:quote -is:reply"
694,"""nutrient"" ""boy"" -is:retweet -is:quote -is:reply"
695,"""nourishment"" ""boy"" -is:retweet -is:quote -is:reply"
696,"""sustenance"" ""boy"" -is:retweet -is:quote -is:reply"
697,"""aliment"" ""boy"" -is:retweet -is:quote -is:reply"
698,"""alimentation"" ""boy"" -is:retweet -is:quote -is:reply"
699,"""solid food"" ""boy"" -is:retweet -is:quote -is:reply"
700,"""healthy food"" ""boy"" -is:retweet -is:quote -is:reply"
701,"""physical exercise"" ""boy"" -is:retweet -is:quote -is:reply"
702,"""exercise"" ""boy"" -is:retweet -is:quote -is:reply"
703,"""exercising"" ""boy"" -is:retweet -is:quote -is:reply"
704,"""physical exertion"" ""boy"" -is:retweet -is:quote -is:reply"
705,"""workout"" ""boy"" -is:retweet -is:quote -is:reply"
706,"""fitness"" ""boy"" -is:retweet -is:quote -is:reply"
707,"""physical fitness"" ""boy"" -is:retweet -is:quote -is:reply"
708,"""sedentary"" ""boy"" -is:retweet -is:quote -is:reply"
709,"""inactivity"" ""boy"" -is:retweet -is:quote -is:reply"
710,"""lack of exercise"" ""boy"" -is:retweet -is:quote -is:reply"
711,"""procrastination"" ""boy"" -is:retweet -is:quote -is:reply"
712,"""laziness"" ""boy"" -is:retweet -is:quote -is:reply"
713,"""sleep quality"" ""boy"" -is:retweet -is:quote -is:reply"
714,"""fatigue"" ""boy"" -is:retweet -is:quote -is:reply"
715,"""insomnia"" ""boy"" -is:retweet -is:quote -is:reply"
716,"""internet"" ""boy"" -is:retweet -is:quote -is:reply"
717,"""computer"" ""boy"" -is:retweet -is:quote -is:reply"
718,"""screen time"" ""boy"" -is:retweet -is:quote -is:reply"
719,"""smartphone"" ""boy"" -is:retweet -is:quote -is:reply"
720,"""IPhone"" ""boy"" -is:retweet -is:quote -is:reply"
721,"""Android"" ""boy"" -is:retweet -is:quote -is:reply"
722,"""television"" ""boy"" -is:retweet -is:quote -is:reply"
723,"""tv"" ""boy"" -is:retweet -is:quote -is:reply"
724,"""social media"" ""boy"" -is:retweet -is:quote -is:reply"
725,"""health"" ""boy"" -is:retweet -is:quote -is:reply"
726,"""wellness"" ""boy"" -is:retweet -is:quote -is:reply"
727,"""noncommunicable disease"" ""boy"" -is:retweet -is:quote -is:reply"
728,"""NCD"" ""boy"" -is:retweet -is:quote -is:reply"
729,"""chronic disease"" ""boy"" -is:retweet -is:quote -is:reply"
730,"""chronic respiratory disease"" ""boy"" -is:retweet -is:quote -is:reply"
731,"""asthma"" ""boy"" -is:retweet -is:quote -is:reply"
732,"""chronic obstructive pulmonary disease"" ""boy"" -is:retweet -is:quote -is:reply"
733,"""COPD"" ""boy"" -is:retweet -is:quote -is:reply"
734,"""lung cancer"" ""boy"" -is:retweet -is:quote -is:reply"
735,"""cystic fibrosis"" ""boy"" -is:retweet -is:quote -is:reply"
736,"""sleep apnea"" ""boy"" -is:retweet -is:quote -is:reply"
737,"""occupational lung disease"" ""boy"" -is:retweet -is:quote -is:reply"
738,"""cancer"" ""boy"" -is:retweet -is:quote -is:reply"
739,"""tumor"" ""boy"" -is:retweet -is:quote -is:reply"
740,"""carcinoma"" ""boy"" -is:retweet -is:quote -is:reply"
741,"""melanoma"" ""boy"" -is:retweet -is:quote -is:reply"
742,"""malignancy"" ""boy"" -is:retweet -is:quote -is:reply"
743,"""lymphoma"" ""boy"" -is:retweet -is:quote -is:reply"
744,"""malignant neoplastic disease"" ""boy"" -is:retweet -is:quote -is:reply"
745,"""diabetes"" ""boy"" -is:retweet -is:quote -is:reply"
746,"""insulin-dependent"" ""boy"" -is:retweet -is:quote -is:reply"
747,"""cardiovascular disease"" ""boy"" -is:retweet -is:quote -is:reply"
748,"""heart failure"" ""boy"" -is:retweet -is:quote -is:reply"
749,"""heart muscle disease"" ""boy"" -is:retweet -is:quote -is:reply"
750,"""cardiomyopathy"" ""boy"" -is:retweet -is:quote -is:reply"
751,"""heart valve disease"" ""boy"" -is:retweet -is:quote -is:reply"
752,"""pericardial disease"" ""boy"" -is:retweet -is:quote -is:reply"
753,"""peripheral vascular disease"" ""boy"" -is:retweet -is:quote -is:reply"
754,"""rheumatic heart disease"" ""boy"" -is:retweet -is:quote -is:reply"
755,"""stroke"" ""boy"" -is:retweet -is:quote -is:reply"
756,"""vascular disease"" ""boy"" -is:retweet -is:quote -is:reply"
757,"""heart attack"" ""boy"" -is:retweet -is:quote -is:reply"
758,"""unstable angina"" ""boy"" -is:retweet -is:quote -is:reply"
759,"""high blood pressure"" ""boy"" -is:retweet -is:quote -is:reply"
760,"""mental health"" ""boy"" -is:retweet -is:quote -is:reply"
761,"""vulnerability"" ""baby"" -is:retweet -is:quote -is:reply"
762,"""exposure"" ""baby"" -is:retweet -is:quote -is:reply"
763,"""habits"" ""baby"" -is:retweet -is:quote -is:reply"
764,"""substance"" ""baby"" -is:retweet -is:quote -is:reply"
765,"""drug"" ""baby"" -is:retweet -is:quote -is:reply"
766,"""abuse"" ""baby"" -is:retweet -is:quote -is:reply"
767,"""smoking"" ""baby"" -is:retweet -is:quote -is:reply"
768,"""tobacco"" ""baby"" -is:retweet -is:quote -is:reply"
769,"""nicotine"" ""baby"" -is:retweet -is:quote -is:reply"
770,"""addiction"" ""baby"" -is:retweet -is:quote -is:reply"
771,"""alcohol"" ""baby"" -is:retweet -is:quote -is:reply"
772,"""drunkenness"" ""baby"" -is:retweet -is:quote -is:reply"
773,"""alcoholism"" ""baby"" -is:retweet -is:quote -is:reply"
774,"""chemical dependency"" ""baby"" -is:retweet -is:quote -is:reply"
775,"""lifestyle"" ""baby"" -is:retweet -is:quote -is:reply"
776,"""life style"" ""baby"" -is:retweet -is:quote -is:reply"
777,"""life-style"" ""baby"" -is:retweet -is:quote -is:reply"
778,"""diet"" ""baby"" -is:retweet -is:quote -is:reply"
779,"""dieting"" ""baby"" -is:retweet -is:quote -is:reply"
780,"""overeating"" ""baby"" -is:retweet -is:quote -is:reply"
781,"""obesity"" ""baby"" -is:retweet -is:quote -is:reply"
782,"""overweight"" ""baby"" -is:retweet -is:quote -is:reply"
783,"""anorexia"" ""baby"" -is:retweet -is:quote -is:reply"
784,"""bulimia"" ""baby"" -is:retweet -is:quote -is:reply"
785,"""underweight"" ""baby"" -is:retweet -is:quote -is:reply"
786,"""food"" ""baby"" -is:retweet -is:quote -is:reply"
787,"""nutrition"" ""baby"" -is:retweet -is:quote -is:reply"
788,"""nutriment"" ""baby"" -is:retweet -is:quote -is:reply"
789,"""nutrient"" ""baby"" -is:retweet -is:quote -is:reply"
790,"""nourishment"" ""baby"" -is:retweet -is:quote -is:reply"
791,"""sustenance"" ""baby"" -is:retweet -is:quote -is:reply"
792,"""aliment"" ""baby"" -is:retweet -is:quote -is:reply"
793,"""alimentation"" ""baby"" -is:retweet -is:quote -is:reply"
794,"""solid food"" ""baby"" -is:retweet -is:quote -is:reply"
795,"""healthy food"" ""baby"" -is:retweet -is:quote -is:reply"
796,"""physical exercise"" ""baby"" -is:retweet -is:quote -is:reply"
797,"""exercise"" ""baby"" -is:retweet -is:quote -is:reply"
798,"""exercising"" ""baby"" -is:retweet -is:quote -is:reply"
799,"""physical exertion"" ""baby"" -is:retweet -is:quote -is:reply"
800,"""workout"" ""baby"" -is:retweet -is:quote -is:reply"
801,"""fitness"" ""baby"" -is:retweet -is:quote -is:reply"
802,"""physical fitness"" ""baby"" -is:retweet -is:quote -is:reply"
803,"""sedentary"" ""baby"" -is:retweet -is:quote -is:reply"
804,"""inactivity"" ""baby"" -is:retweet -is:quote -is:reply"
805,"""lack of exercise"" ""baby"" -is:retweet -is:quote -is:reply"
806,"""procrastination"" ""baby"" -is:retweet -is:quote -is:reply"
807,"""laziness"" ""baby"" -is:retweet -is:quote -is:reply"
808,"""sleep quality"" ""baby"" -is:retweet -is:quote -is:reply"
809,"""fatigue"" ""baby"" -is:retweet -is:quote -is:reply"
810,"""insomnia"" ""baby"" -is:retweet -is:quote -is:reply"
811,"""internet"" ""baby"" -is:retweet -is:quote -is:reply"
812,"""computer"" ""baby"" -is:retweet -is:quote -is:reply"
813,"""screen time"" ""baby"" -is:retweet -is:quote -is:reply"
814,"""smartphone"" ""baby"" -is:retweet -is:quote -is:reply"
815,"""IPhone"" ""baby"" -is:retweet -is:quote -is:reply"
816,"""Android"" ""baby"" -is:retweet -is:quote -is:reply"
817,"""television"" ""baby"" -is:retweet -is:quote -is:reply"
818,"""tv"" ""baby"" -is:retweet -is:quote -is:reply"
819,"""social media"" ""baby"" -is:retweet -is:quote -is:reply"
820,"""health"" ""baby"" -is:retweet -is:quote -is:reply"
821,"""wellness"" ""baby"" -is:retweet -is:quote -is:reply"
822,"""noncommunicable disease"" ""baby"" -is:retweet -is:quote -is:reply"
823,"""NCD"" ""baby"" -is:retweet -is:quote -is:reply"
824,"""chronic disease"" ""baby"" -is:retweet -is:quote -is:reply"
825,"""chronic respiratory disease"" ""baby"" -is:retweet -is:quote -is:reply"
826,"""asthma"" ""baby"" -is:retweet -is:quote -is:reply"
827,"""chronic obstructive pulmonary disease"" ""baby"" -is:retweet -is:quote -is:reply"
828,"""COPD"" ""baby"" -is:retweet -is:quote -is:reply"
829,"""lung cancer"" ""baby"" -is:retweet -is:quote -is:reply"
830,"""cystic fibrosis"" ""baby"" -is:retweet -is:quote -is:reply"
831,"""sleep apnea"" ""baby"" -is:retweet -is:quote -is:reply"
832,"""occupational lung disease"" ""baby"" -is:retweet -is:quote -is:reply"
833,"""cancer"" ""baby"" -is:retweet -is:quote -is:reply"
834,"""tumor"" ""baby"" -is:retweet -is:quote -is:reply"
835,"""carcinoma"" ""baby"" -is:retweet -is:quote -is:reply"
836,"""melanoma"" ""baby"" -is:retweet -is:quote -is:reply"
837,"""malignancy"" ""baby"" -is:retweet -is:quote -is:reply"
838,"""lymphoma"" ""baby"" -is:retweet -is:quote -is:reply"
839,"""malignant neoplastic disease"" ""baby"" -is:retweet -is:quote -is:reply"
840,"""diabetes"" ""baby"" -is:retweet -is:quote -is:reply"
841,"""insulin-dependent"" ""baby"" -is:retweet -is:quote -is:reply"
842,"""cardiovascular disease"" ""baby"" -is:retweet -is:quote -is:reply"
843,"""heart failure"" ""baby"" -is:retweet -is:quote -is:reply"
844,"""heart muscle disease"" ""baby"" -is:retweet -is:quote -is:reply"
845,"""cardiomyopathy"" ""baby"" -is:retweet -is:quote -is:reply"
846,"""heart valve disease"" ""baby"" -is:retweet -is:quote -is:reply"
847,"""pericardial disease"" ""baby"" -is:retweet -is:quote -is:reply"
848,"""peripheral vascular disease"" ""baby"" -is:retweet -is:quote -is:reply"
849,"""rheumatic heart disease"" ""baby"" -is:retweet -is:quote -is:reply"
850,"""stroke"" ""baby"" -is:retweet -is:quote -is:reply"
851,"""vascular disease"" ""baby"" -is:retweet -is:quote -is:reply"
852,"""heart attack"" ""baby"" -is:retweet -is:quote -is:reply"
853,"""unstable angina"" ""baby"" -is:retweet -is:quote -is:reply"
854,"""high blood pressure"" ""baby"" -is:retweet -is:quote -is:reply"
855,"""mental health"" ""baby"" -is:retweet -is:quote -is:reply"
856,"""vulnerability"" ""teenager"" -is:retweet -is:quote -is:reply"
857,"""exposure"" ""teenager"" -is:retweet -is:quote -is:reply"
858,"""habits"" ""teenager"" -is:retweet -is:quote -is:reply"
859,"""substance"" ""teenager"" -is:retweet -is:quote -is:reply"
860,"""drug"" ""teenager"" -is:retweet -is:quote -is:reply"
861,"""abuse"" ""teenager"" -is:retweet -is:quote -is:reply"
862,"""smoking"" ""teenager"" -is:retweet -is:quote -is:reply"
863,"""tobacco"" ""teenager"" -is:retweet -is:quote -is:reply"
864,"""nicotine"" ""teenager"" -is:retweet -is:quote -is:reply"
865,"""addiction"" ""teenager"" -is:retweet -is:quote -is:reply"
866,"""alcohol"" ""teenager"" -is:retweet -is:quote -is:reply"
867,"""drunkenness"" ""teenager"" -is:retweet -is:quote -is:reply"
868,"""alcoholism"" ""teenager"" -is:retweet -is:quote -is:reply"
869,"""chemical dependency"" ""teenager"" -is:retweet -is:quote -is:reply"
870,"""lifestyle"" ""teenager"" -is:retweet -is:quote -is:reply"
871,"""life style"" ""teenager"" -is:retweet -is:quote -is:reply"
872,"""life-style"" ""teenager"" -is:retweet -is:quote -is:reply"
873,"""diet"" ""teenager"" -is:retweet -is:quote -is:reply"
874,"""dieting"" ""teenager"" -is:retweet -is:quote -is:reply"
875,"""overeating"" ""teenager"" -is:retweet -is:quote -is:reply"
876,"""obesity"" ""teenager"" -is:retweet -is:quote -is:reply"
877,"""overweight"" ""teenager"" -is:retweet -is:quote -is:reply"
878,"""anorexia"" ""teenager"" -is:retweet -is:quote -is:reply"
879,"""bulimia"" ""teenager"" -is:retweet -is:quote -is:reply"
880,"""underweight"" ""teenager"" -is:retweet -is:quote -is:reply"
881,"""food"" ""teenager"" -is:retweet -is:quote -is:reply"
882,"""nutrition"" ""teenager"" -is:retweet -is:quote -is:reply"
883,"""nutriment"" ""teenager"" -is:retweet -is:quote -is:reply"
884,"""nutrient"" ""teenager"" -is:retweet -is:quote -is:reply"
885,"""nourishment"" ""teenager"" -is:retweet -is:quote -is:reply"
886,"""sustenance"" ""teenager"" -is:retweet -is:quote -is:reply"
887,"""aliment"" ""teenager"" -is:retweet -is:quote -is:reply"
888,"""alimentation"" ""teenager"" -is:retweet -is:quote -is:reply"
889,"""solid food"" ""teenager"" -is:retweet -is:quote -is:reply"
890,"""healthy food"" ""teenager"" -is:retweet -is:quote -is:reply"
891,"""physical exercise"" ""teenager"" -is:retweet -is:quote -is:reply"
892,"""exercise"" ""teenager"" -is:retweet -is:quote -is:reply"
893,"""exercising"" ""teenager"" -is:retweet -is:quote -is:reply"
894,"""physical exertion"" ""teenager"" -is:retweet -is:quote -is:reply"
895,"""workout"" ""teenager"" -is:retweet -is:quote -is:reply"
896,"""fitness"" ""teenager"" -is:retweet -is:quote -is:reply"
897,"""physical fitness"" ""teenager"" -is:retweet -is:quote -is:reply"
898,"""sedentary"" ""teenager"" -is:retweet -is:quote -is:reply"
899,"""inactivity"" ""teenager"" -is:retweet -is:quote -is:reply"
900,"""lack of exercise"" ""teenager"" -is:retweet -is:quote -is:reply"
901,"""procrastination"" ""teenager"" -is:retweet -is:quote -is:reply"
902,"""laziness"" ""teenager"" -is:retweet -is:quote -is:reply"
903,"""sleep quality"" ""teenager"" -is:retweet -is:quote -is:reply"
904,"""fatigue"" ""teenager"" -is:retweet -is:quote -is:reply"
905,"""insomnia"" ""teenager"" -is:retweet -is:quote -is:reply"
906,"""internet"" ""teenager"" -is:retweet -is:quote -is:reply"
907,"""computer"" ""teenager"" -is:retweet -is:quote -is:reply"
908,"""screen time"" ""teenager"" -is:retweet -is:quote -is:reply"
909,"""smartphone"" ""teenager"" -is:retweet -is:quote -is:reply"
910,"""IPhone"" ""teenager"" -is:retweet -is:quote -is:reply"
911,"""Android"" ""teenager"" -is:retweet -is:quote -is:reply"
912,"""television"" ""teenager"" -is:retweet -is:quote -is:reply"
913,"""tv"" ""teenager"" -is:retweet -is:quote -is:reply"
914,"""social media"" ""teenager"" -is:retweet -is:quote -is:reply"
915,"""health"" ""teenager"" -is:retweet -is:quote -is:reply"
916,"""wellness"" ""teenager"" -is:retweet -is:quote -is:reply"
917,"""noncommunicable disease"" ""teenager"" -is:retweet -is:quote -is:reply"
918,"""NCD"" ""teenager"" -is:retweet -is:quote -is:reply"
919,"""chronic disease"" ""teenager"" -is:retweet -is:quote -is:reply"
920,"""chronic respiratory disease"" ""teenager"" -is:retweet -is:quote -is:reply"
921,"""asthma"" ""teenager"" -is:retweet -is:quote -is:reply"
922,"""chronic obstructive pulmonary disease"" ""teenager"" -is:retweet -is:quote -is:reply"
923,"""COPD"" ""teenager"" -is:retweet -is:quote -is:reply"
924,"""lung cancer"" ""teenager"" -is:retweet -is:quote -is:reply"
925,"""cystic fibrosis"" ""teenager"" -is:retweet -is:quote -is:reply"
926,"""sleep apnea"" ""teenager"" -is:retweet -is:quote -is:reply"
927,"""occupational lung disease"" ""teenager"" -is:retweet -is:quote -is:reply"
928,"""cancer"" ""teenager"" -is:retweet -is:quote -is:reply"
929,"""tumor"" ""teenager"" -is:retweet -is:quote -is:reply"
930,"""carcinoma"" ""teenager"" -is:retweet -is:quote -is:reply"
931,"""melanoma"" ""teenager"" -is:retweet -is:quote -is:reply"
932,"""malignancy"" ""teenager"" -is:retweet -is:quote -is:reply"
933,"""lymphoma"" ""teenager"" -is:retweet -is:quote -is:reply"
934,"""malignant neoplastic disease"" ""teenager"" -is:retweet -is:quote -is:reply"
935,"""diabetes"" ""teenager"" -is:retweet -is:quote -is:reply"
936,"""insulin-dependent"" ""teenager"" -is:retweet -is:quote -is:reply"
937,"""cardiovascular disease"" ""teenager"" -is:retweet -is:quote -is:reply"
938,"""heart failure"" ""teenager"" -is:retweet -is:quote -is:reply"
939,"""heart muscle disease"" ""teenager"" -is:retweet -is:quote -is:reply"
940,"""cardiomyopathy"" ""teenager"" -is:retweet -is:quote -is:reply"
941,"""heart valve disease"" ""teenager"" -is:retweet -is:quote -is:reply"
942,"""pericardial disease"" ""teenager"" -is:retweet -is:quote -is:reply"
943,"""peripheral vascular disease"" ""teenager"" -is:retweet -is:quote -is:reply"
944,"""rheumatic heart disease"" ""teenager"" -is:retweet -is:quote -is:reply"
945,"""stroke"" ""teenager"" -is:retweet -is:quote -is:reply"
946,"""vascular disease"" ""teenager"" -is:retweet -is:quote -is:reply"
947,"""heart attack"" ""teenager"" -is:retweet -is:quote -is:reply"
948,"""unstable angina"" ""teenager"" -is:retweet -is:quote -is:reply"
949,"""high blood pressure"" ""teenager"" -is:retweet -is:quote -is:reply"
950,"""mental health"" ""teenager"" -is:retweet -is:quote -is:reply"
951,"""vulnerability"" ""infant"" -is:retweet -is:quote -is:reply"
952,"""exposure"" ""infant"" -is:retweet -is:quote -is:reply"
953,"""habits"" ""infant"" -is:retweet -is:quote -is:reply"
954,"""substance"" ""infant"" -is:retweet -is:quote -is:reply"
955,"""drug"" ""infant"" -is:retweet -is:quote -is:reply"
956,"""abuse"" ""infant"" -is:retweet -is:quote -is:reply"
957,"""smoking"" ""infant"" -is:retweet -is:quote -is:reply"
958,"""tobacco"" ""infant"" -is:retweet -is:quote -is:reply"
959,"""nicotine"" ""infant"" -is:retweet -is:quote -is:reply"
960,"""addiction"" ""infant"" -is:retweet -is:quote -is:reply"
961,"""alcohol"" ""infant"" -is:retweet -is:quote -is:reply"
962,"""drunkenness"" ""infant"" -is:retweet -is:quote -is:reply"
963,"""alcoholism"" ""infant"" -is:retweet -is:quote -is:reply"
964,"""chemical dependency"" ""infant"" -is:retweet -is:quote -is:reply"
965,"""lifestyle"" ""infant"" -is:retweet -is:quote -is:reply"
966,"""life style"" ""infant"" -is:retweet -is:quote -is:reply"
967,"""life-style"" ""infant"" -is:retweet -is:quote -is:reply"
968,"""diet"" ""infant"" -is:retweet -is:quote -is:reply"
969,"""dieting"" ""infant"" -is:retweet -is:quote -is:reply"
970,"""overeating"" ""infant"" -is:retweet -is:quote -is:reply"
971,"""obesity"" ""infant"" -is:retweet -is:quote -is:reply"
972,"""overweight"" ""infant"" -is:retweet -is:quote -is:reply"
973,"""anorexia"" ""infant"" -is:retweet -is:quote -is:reply"
974,"""bulimia"" ""infant"" -is:retweet -is:quote -is:reply"
975,"""underweight"" ""infant"" -is:retweet -is:quote -is:reply"
976,"""food"" ""infant"" -is:retweet -is:quote -is:reply"
977,"""nutrition"" ""infant"" -is:retweet -is:quote -is:reply"
978,"""nutriment"" ""infant"" -is:retweet -is:quote -is:reply"
979,"""nutrient"" ""infant"" -is:retweet -is:quote -is:reply"
980,"""nourishment"" ""infant"" -is:retweet -is:quote -is:reply"
981,"""sustenance"" ""infant"" -is:retweet -is:quote -is:reply"
982,"""aliment"" ""infant"" -is:retweet -is:quote -is:reply"
983,"""alimentation"" ""infant"" -is:retweet -is:quote -is:reply"
984,"""solid food"" ""infant"" -is:retweet -is:quote -is:reply"
985,"""healthy food"" ""infant"" -is:retweet -is:quote -is:reply"
986,"""physical exercise"" ""infant"" -is:retweet -is:quote -is:reply"
987,"""exercise"" ""infant"" -is:retweet -is:quote -is:reply"
988,"""exercising"" ""infant"" -is:retweet -is:quote -is:reply"
989,"""physical exertion"" ""infant"" -is:retweet -is:quote -is:reply"
990,"""workout"" ""infant"" -is:retweet -is:quote -is:reply"
991,"""fitness"" ""infant"" -is:retweet -is:quote -is:reply"
992,"""physical fitness"" ""infant"" -is:retweet -is:quote -is:reply"
993,"""sedentary"" ""infant"" -is:retweet -is:quote -is:reply"
994,"""inactivity"" ""infant"" -is:retweet -is:quote -is:reply"
995,"""lack of exercise"" ""infant"" -is:retweet -is:quote -is:reply"
996,"""procrastination"" ""infant"" -is:retweet -is:quote -is:reply"
997,"""laziness"" ""infant"" -is:retweet -is:quote -is:reply"
998,"""sleep quality"" ""infant"" -is:retweet -is:quote -is:reply"
999,"""fatigue"" ""infant"" -is:retweet -is:quote -is:reply"
1000,"""insomnia"" ""infant"" -is:retweet -is:quote -is:reply"
1001,"""internet"" ""infant"" -is:retweet -is:quote -is:reply"
1002,"""computer"" ""infant"" -is:retweet -is:quote -is:reply"
1003,"""screen time"" ""infant"" -is:retweet -is:quote -is:reply"
1004,"""smartphone"" ""infant"" -is:retweet -is:quote -is:reply"
1005,"""IPhone"" ""infant"" -is:retweet -is:quote -is:reply"
1006,"""Android"" ""infant"" -is:retweet -is:quote -is:reply"
1007,"""television"" ""infant"" -is:retweet -is:quote -is:reply"
1008,"""tv"" ""infant"" -is:retweet -is:quote -is:reply"
1009,"""social media"" ""infant"" -is:retweet -is:quote -is:reply"
1010,"""health"" ""infant"" -is:retweet -is:quote -is:reply"
1011,"""wellness"" ""infant"" -is:retweet -is:quote -is:reply"
1012,"""noncommunicable disease"" ""infant"" -is:retweet -is:quote -is:reply"
1013,"""NCD"" ""infant"" -is:retweet -is:quote -is:reply"
1014,"""chronic disease"" ""infant"" -is:retweet -is:quote -is:reply"
1015,"""chronic respiratory disease"" ""infant"" -is:retweet -is:quote -is:reply"
1016,"""asthma"" ""infant"" -is:retweet -is:quote -is:reply"
1017,"""chronic obstructive pulmonary disease"" ""infant"" -is:retweet -is:quote -is:reply"
1018,"""COPD"" ""infant"" -is:retweet -is:quote -is:reply"
1019,"""lung cancer"" ""infant"" -is:retweet -is:quote -is:reply"
1020,"""cystic fibrosis"" ""infant"" -is:retweet -is:quote -is:reply"
1021,"""sleep apnea"" ""infant"" -is:retweet -is:quote -is:reply"
1022,"""occupational lung disease"" ""infant"" -is:retweet -is:quote -is:reply"
1023,"""cancer"" ""infant"" -is:retweet -is:quote -is:reply"
1024,"""tumor"" ""infant"" -is:retweet -is:quote -is:reply"
1025,"""carcinoma"" ""infant"" -is:retweet -is:quote -is:reply"
1026,"""melanoma"" ""infant"" -is:retweet -is:quote -is:reply"
1027,"""malignancy"" ""infant"" -is:retweet -is:quote -is:reply"
1028,"""lymphoma"" ""infant"" -is:retweet -is:quote -is:reply"
1029,"""malignant neoplastic disease"" ""infant"" -is:retweet -is:quote -is:reply"
1030,"""diabetes"" ""infant"" -is:retweet -is:quote -is:reply"
1031,"""insulin-dependent"" ""infant"" -is:retweet -is:quote -is:reply"
1032,"""cardiovascular disease"" ""infant"" -is:retweet -is:quote -is:reply"
1033,"""heart failure"" ""infant"" -is:retweet -is:quote -is:reply"
1034,"""heart muscle disease"" ""infant"" -is:retweet -is:quote -is:reply"
1035,"""cardiomyopathy"" ""infant"" -is:retweet -is:quote -is:reply"
1036,"""heart valve disease"" ""infant"" -is:retweet -is:quote -is:reply"
1037,"""pericardial disease"" ""infant"" -is:retweet -is:quote -is:reply"
1038,"""peripheral vascular disease"" ""infant"" -is:retweet -is:quote -is:reply"
1039,"""rheumatic heart disease"" ""infant"" -is:retweet -is:quote -is:reply"
1040,"""stroke"" ""infant"" -is:retweet -is:quote -is:reply"
1041,"""vascular disease"" ""infant"" -is:retweet -is:quote -is:reply"
1042,"""heart attack"" ""infant"" -is:retweet -is:quote -is:reply"
1043,"""unstable angina"" ""infant"" -is:retweet -is:quote -is:reply"
1044,"""high blood pressure"" ""infant"" -is:retweet -is:quote -is:reply"
1045,"""mental health"" ""infant"" -is:retweet -is:quote -is:reply"
1046,"""vulnerability"" ""adolescent"" -is:retweet -is:quote -is:reply"
1047,"""exposure"" ""adolescent"" -is:retweet -is:quote -is:reply"
1048,"""habits"" ""adolescent"" -is:retweet -is:quote -is:reply"
1049,"""substance"" ""adolescent"" -is:retweet -is:quote -is:reply"
1050,"""drug"" ""adolescent"" -is:retweet -is:quote -is:reply"
1051,"""abuse"" ""adolescent"" -is:retweet -is:quote -is:reply"
1052,"""smoking"" ""adolescent"" -is:retweet -is:quote -is:reply"
1053,"""tobacco"" ""adolescent"" -is:retweet -is:quote -is:reply"
1054,"""nicotine"" ""adolescent"" -is:retweet -is:quote -is:reply"
1055,"""addiction"" ""adolescent"" -is:retweet -is:quote -is:reply"
1056,"""alcohol"" ""adolescent"" -is:retweet -is:quote -is:reply"
1057,"""drunkenness"" ""adolescent"" -is:retweet -is:quote -is:reply"
1058,"""alcoholism"" ""adolescent"" -is:retweet -is:quote -is:reply"
1059,"""chemical dependency"" ""adolescent"" -is:retweet -is:quote -is:reply"
1060,"""lifestyle"" ""adolescent"" -is:retweet -is:quote -is:reply"
1061,"""life style"" ""adolescent"" -is:retweet -is:quote -is:reply"
1062,"""life-style"" ""adolescent"" -is:retweet -is:quote -is:reply"
1063,"""diet"" ""adolescent"" -is:retweet -is:quote -is:reply"
1064,"""dieting"" ""adolescent"" -is:retweet -is:quote -is:reply"
1065,"""overeating"" ""adolescent"" -is:retweet -is:quote -is:reply"
1066,"""obesity"" ""adolescent"" -is:retweet -is:quote -is:reply"
1067,"""overweight"" ""adolescent"" -is:retweet -is:quote -is:reply"
1068,"""anorexia"" ""adolescent"" -is:retweet -is:quote -is:reply"
1069,"""bulimia"" ""adolescent"" -is:retweet -is:quote -is:reply"
1070,"""underweight"" ""adolescent"" -is:retweet -is:quote -is:reply"
1071,"""food"" ""adolescent"" -is:retweet -is:quote -is:reply"
1072,"""nutrition"" ""adolescent"" -is:retweet -is:quote -is:reply"
1073,"""nutriment"" ""adolescent"" -is:retweet -is:quote -is:reply"
1074,"""nutrient"" ""adolescent"" -is:retweet -is:quote -is:reply"
1075,"""nourishment"" ""adolescent"" -is:retweet -is:quote -is:reply"
1076,"""sustenance"" ""adolescent"" -is:retweet -is:quote -is:reply"
1077,"""aliment"" ""adolescent"" -is:retweet -is:quote -is:reply"
1078,"""alimentation"" ""adolescent"" -is:retweet -is:quote -is:reply"
1079,"""solid food"" ""adolescent"" -is:retweet -is:quote -is:reply"
1080,"""healthy food"" ""adolescent"" -is:retweet -is:quote -is:reply"
1081,"""physical exercise"" ""adolescent"" -is:retweet -is:quote -is:reply"
1082,"""exercise"" ""adolescent"" -is:retweet -is:quote -is:reply"
1083,"""exercising"" ""adolescent"" -is:retweet -is:quote -is:reply"
1084,"""physical exertion"" ""adolescent"" -is:retweet -is:quote -is:reply"
1085,"""workout"" ""adolescent"" -is:retweet -is:quote -is:reply"
1086,"""fitness"" ""adolescent"" -is:retweet -is:quote -is:reply"
1087,"""physical fitness"" ""adolescent"" -is:retweet -is:quote -is:reply"
1088,"""sedentary"" ""adolescent"" -is:retweet -is:quote -is:reply"
1089,"""inactivity"" ""adolescent"" -is:retweet -is:quote -is:reply"
1090,"""lack of exercise"" ""adolescent"" -is:retweet -is:quote -is:reply"
1091,"""procrastination"" ""adolescent"" -is:retweet -is:quote -is:reply"
1092,"""laziness"" ""adolescent"" -is:retweet -is:quote -is:reply"
1093,"""sleep quality"" ""adolescent"" -is:retweet -is:quote -is:reply"
1094,"""fatigue"" ""adolescent"" -is:retweet -is:quote -is:reply"
1095,"""insomnia"" ""adolescent"" -is:retweet -is:quote -is:reply"
1096,"""internet"" ""adolescent"" -is:retweet -is:quote -is:reply"
1097,"""computer"" ""adolescent"" -is:retweet -is:quote -is:reply"
1098,"""screen time"" ""adolescent"" -is:retweet -is:quote -is:reply"
1099,"""smartphone"" ""adolescent"" -is:retweet -is:quote -is:reply"
1100,"""IPhone"" ""adolescent"" -is:retweet -is:quote -is:reply"
1101,"""Android"" ""adolescent"" -is:retweet -is:quote -is:reply"
1102,"""television"" ""adolescent"" -is:retweet -is:quote -is:reply"
1103,"""tv"" ""adolescent"" -is:retweet -is:quote -is:reply"
1104,"""social media"" ""adolescent"" -is:retweet -is:quote -is:reply"
1105,"""health"" ""adolescent"" -is:retweet -is:quote -is:reply"
1106,"""wellness"" ""adolescent"" -is:retweet -is:quote -is:reply"
1107,"""noncommunicable disease"" ""adolescent"" -is:retweet -is:quote -is:reply"
1108,"""NCD"" ""adolescent"" -is:retweet -is:quote -is:reply"
1109,"""chronic disease"" ""adolescent"" -is:retweet -is:quote -is:reply"
1110,"""chronic respiratory disease"" ""adolescent"" -is:retweet -is:quote -is:reply"
1111,"""asthma"" ""adolescent"" -is:retweet -is:quote -is:reply"
1112,"""chronic obstructive pulmonary disease"" ""adolescent"" -is:retweet -is:quote -is:reply"
1113,"""COPD"" ""adolescent"" -is:retweet -is:quote -is:reply"
1114,"""lung cancer"" ""adolescent"" -is:retweet -is:quote -is:reply"
1115,"""cystic fibrosis"" ""adolescent"" -is:retweet -is:quote -is:reply"
1116,"""sleep apnea"" ""adolescent"" -is:retweet -is:quote -is:reply"
1117,"""occupational lung disease"" ""adolescent"" -is:retweet -is:quote -is:reply"
1118,"""cancer"" ""adolescent"" -is:retweet -is:quote -is:reply"
1119,"""tumor"" ""adolescent"" -is:retweet -is:quote -is:reply"
1120,"""carcinoma"" ""adolescent"" -is:retweet -is:quote -is:reply"
1121,"""melanoma"" ""adolescent"" -is:retweet -is:quote -is:reply"
1122,"""malignancy"" ""adolescent"" -is:retweet -is:quote -is:reply"
1123,"""lymphoma"" ""adolescent"" -is:retweet -is:quote -is:reply"
1124,"""malignant neoplastic disease"" ""adolescent"" -is:retweet -is:quote -is:reply"
1125,"""diabetes"" ""adolescent"" -is:retweet -is:quote -is:reply"
1126,"""insulin-dependent"" ""adolescent"" -is:retweet -is:quote -is:reply"
1127,"""cardiovascular disease"" ""adolescent"" -is:retweet -is:quote -is:reply"
1128,"""heart failure"" ""adolescent"" -is:retweet -is:quote -is:reply"
1129,"""heart muscle disease"" ""adolescent"" -is:retweet -is:quote -is:reply"
1130,"""cardiomyopathy"" ""adolescent"" -is:retweet -is:quote -is:reply"
1131,"""heart valve disease"" ""adolescent"" -is:retweet -is:quote -is:reply"
1132,"""pericardial disease"" ""adolescent"" -is:retweet -is:quote -is:reply"
1133,"""peripheral vascular disease"" ""adolescent"" -is:retweet -is:quote -is:reply"
1134,"""rheumatic heart disease"" ""adolescent"" -is:retweet -is:quote -is:reply"
1135,"""stroke"" ""adolescent"" -is:retweet -is:quote -is:reply"
1136,"""vascular disease"" ""adolescent"" -is:retweet -is:quote -is:reply"
1137,"""heart attack"" ""adolescent"" -is:retweet -is:quote -is:reply"
1138,"""unstable angina"" ""adolescent"" -is:retweet -is:quote -is:reply"
1139,"""high blood pressure"" ""adolescent"" -is:retweet -is:quote -is:reply"
1140,"""mental health"" ""adolescent"" -is:retweet -is:quote -is:reply"
1141,"""vulnerability"" ""juvenile"" -is:retweet -is:quote -is:reply"
1142,"""exposure"" ""juvenile"" -is:retweet -is:quote -is:reply"
1143,"""habits"" ""juvenile"" -is:retweet -is:quote -is:reply"
1144,"""substance"" ""juvenile"" -is:retweet -is:quote -is:reply"
1145,"""drug"" ""juvenile"" -is:retweet -is:quote -is:reply"
1146,"""abuse"" ""juvenile"" -is:retweet -is:quote -is:reply"
1147,"""smoking"" ""juvenile"" -is:retweet -is:quote -is:reply"
1148,"""tobacco"" ""juvenile"" -is:retweet -is:quote -is:reply"
1149,"""nicotine"" ""juvenile"" -is:retweet -is:quote -is:reply"
1150,"""addiction"" ""juvenile"" -is:retweet -is:quote -is:reply"
1151,"""alcohol"" ""juvenile"" -is:retweet -is:quote -is:reply"
1152,"""drunkenness"" ""juvenile"" -is:retweet -is:quote -is:reply"
1153,"""alcoholism"" ""juvenile"" -is:retweet -is:quote -is:reply"
1154,"""chemical dependency"" ""juvenile"" -is:retweet -is:quote -is:reply"
1155,"""lifestyle"" ""juvenile"" -is:retweet -is:quote -is:reply"
1156,"""life style"" ""juvenile"" -is:retweet -is:quote -is:reply"
1157,"""life-style"" ""juvenile"" -is:retweet -is:quote -is:reply"
1158,"""diet"" ""juvenile"" -is:retweet -is:quote -is:reply"
1159,"""dieting"" ""juvenile"" -is:retweet -is:quote -is:reply"
1160,"""overeating"" ""juvenile"" -is:retweet -is:quote -is:reply"
1161,"""obesity"" ""juvenile"" -is:retweet -is:quote -is:reply"
1162,"""overweight"" ""juvenile"" -is:retweet -is:quote -is:reply"
1163,"""anorexia"" ""juvenile"" -is:retweet -is:quote -is:reply"
1164,"""bulimia"" ""juvenile"" -is:retweet -is:quote -is:reply"
1165,"""underweight"" ""juvenile"" -is:retweet -is:quote -is:reply"
1166,"""food"" ""juvenile"" -is:retweet -is:quote -is:reply"
1167,"""nutrition"" ""juvenile"" -is:retweet -is:quote -is:reply"
1168,"""nutriment"" ""juvenile"" -is:retweet -is:quote -is:reply"
1169,"""nutrient"" ""juvenile"" -is:retweet -is:quote -is:reply"
1170,"""nourishment"" ""juvenile"" -is:retweet -is:quote -is:reply"
1171,"""sustenance"" ""juvenile"" -is:retweet -is:quote -is:reply"
1172,"""aliment"" ""juvenile"" -is:retweet -is:quote -is:reply"
1173,"""alimentation"" ""juvenile"" -is:retweet -is:quote -is:reply"
1174,"""solid food"" ""juvenile"" -is:retweet -is:quote -is:reply"
1175,"""healthy food"" ""juvenile"" -is:retweet -is:quote -is:reply"
1176,"""physical exercise"" ""juvenile"" -is:retweet -is:quote -is:reply"
1177,"""exercise"" ""juvenile"" -is:retweet -is:quote -is:reply"
1178,"""exercising"" ""juvenile"" -is:retweet -is:quote -is:reply"
1179,"""physical exertion"" ""juvenile"" -is:retweet -is:quote -is:reply"
1180,"""workout"" ""juvenile"" -is:retweet -is:quote -is:reply"
1181,"""fitness"" ""juvenile"" -is:retweet -is:quote -is:reply"
1182,"""physical fitness"" ""juvenile"" -is:retweet -is:quote -is:reply"
1183,"""sedentary"" ""juvenile"" -is:retweet -is:quote -is:reply"
1184,"""inactivity"" ""juvenile"" -is:retweet -is:quote -is:reply"
1185,"""lack of exercise"" ""juvenile"" -is:retweet -is:quote -is:reply"
1186,"""procrastination"" ""juvenile"" -is:retweet -is:quote -is:reply"
1187,"""laziness"" ""juvenile"" -is:retweet -is:quote -is:reply"
1188,"""sleep quality"" ""juvenile"" -is:retweet -is:quote -is:reply"
1189,"""fatigue"" ""juvenile"" -is:retweet -is:quote -is:reply"
1190,"""insomnia"" ""juvenile"" -is:retweet -is:quote -is:reply"
1191,"""internet"" ""juvenile"" -is:retweet -is:quote -is:reply"
1192,"""computer"" ""juvenile"" -is:retweet -is:quote -is:reply"
1193,"""screen time"" ""juvenile"" -is:retweet -is:quote -is:reply"
1194,"""smartphone"" ""juvenile"" -is:retweet -is:quote -is:reply"
1195,"""IPhone"" ""juvenile"" -is:retweet -is:quote -is:reply"
1196,"""Android"" ""juvenile"" -is:retweet -is:quote -is:reply"
1197,"""television"" ""juvenile"" -is:retweet -is:quote -is:reply"
1198,"""tv"" ""juvenile"" -is:retweet -is:quote -is:reply"
1199,"""social media"" ""juvenile"" -is:retweet -is:quote -is:reply"
1200,"""health"" ""juvenile"" -is:retweet -is:quote -is:reply"
1201,"""wellness"" ""juvenile"" -is:retweet -is:quote -is:reply"
1202,"""noncommunicable disease"" ""juvenile"" -is:retweet -is:quote -is:reply"
1203,"""NCD"" ""juvenile"" -is:retweet -is:quote -is:reply"
1204,"""chronic disease"" ""juvenile"" -is:retweet -is:quote -is:reply"
1205,"""chronic respiratory disease"" ""juvenile"" -is:retweet -is:quote -is:reply"
1206,"""asthma"" ""juvenile"" -is:retweet -is:quote -is:reply"
1207,"""chronic obstructive pulmonary disease"" ""juvenile"" -is:retweet -is:quote -is:reply"
1208,"""COPD"" ""juvenile"" -is:retweet -is:quote -is:reply"
1209,"""lung cancer"" ""juvenile"" -is:retweet -is:quote -is:reply"
1210,"""cystic fibrosis"" ""juvenile"" -is:retweet -is:quote -is:reply"
1211,"""sleep apnea"" ""juvenile"" -is:retweet -is:quote -is:reply"
1212,"""occupational lung disease"" ""juvenile"" -is:retweet -is:quote -is:reply"
1213,"""cancer"" ""juvenile"" -is:retweet -is:quote -is:reply"
1214,"""tumor"" ""juvenile"" -is:retweet -is:quote -is:reply"
1215,"""carcinoma"" ""juvenile"" -is:retweet -is:quote -is:reply"
1216,"""melanoma"" ""juvenile"" -is:retweet -is:quote -is:reply"
1217,"""malignancy"" ""juvenile"" -is:retweet -is:quote -is:reply"
1218,"""lymphoma"" ""juvenile"" -is:retweet -is:quote -is:reply"
1219,"""malignant neoplastic disease"" ""juvenile"" -is:retweet -is:quote -is:reply"
1220,"""diabetes"" ""juvenile"" -is:retweet -is:quote -is:reply"
1221,"""insulin-dependent"" ""juvenile"" -is:retweet -is:quote -is:reply"
1222,"""cardiovascular disease"" ""juvenile"" -is:retweet -is:quote -is:reply"
1223,"""heart failure"" ""juvenile"" -is:retweet -is:quote -is:reply"
1224,"""heart muscle disease"" ""juvenile"" -is:retweet -is:quote -is:reply"
1225,"""cardiomyopathy"" ""juvenile"" -is:retweet -is:quote -is:reply"
1226,"""heart valve disease"" ""juvenile"" -is:retweet -is:quote -is:reply"
1227,"""pericardial disease"" ""juvenile"" -is:retweet -is:quote -is:reply"
1228,"""peripheral vascular disease"" ""juvenile"" -is:retweet -is:quote -is:reply"
1229,"""rheumatic heart disease"" ""juvenile"" -is:retweet -is:quote -is:reply"
1230,"""stroke"" ""juvenile"" -is:retweet -is:quote -is:reply"
1231,"""vascular disease"" ""juvenile"" -is:retweet -is:quote -is:reply"
1232,"""heart attack"" ""juvenile"" -is:retweet -is:quote -is:reply"
1233,"""unstable angina"" ""juvenile"" -is:retweet -is:quote -is:reply"
1234,"""high blood pressure"" ""juvenile"" -is:retweet -is:quote -is:reply"
1235,"""mental health"" ""juvenile"" -is:retweet -is:quote -is:reply"
1236,"""vulnerability"" ""kiddie"" -is:retweet -is:quote -is:reply"
1237,"""exposure"" ""kiddie"" -is:retweet -is:quote -is:reply"
1238,"""habits"" ""kiddie"" -is:retweet -is:quote -is:reply"
1239,"""substance"" ""kiddie"" -is:retweet -is:quote -is:reply"
1240,"""drug"" ""kiddie"" -is:retweet -is:quote -is:reply"
1241,"""abuse"" ""kiddie"" -is:retweet -is:quote -is:reply"
1242,"""smoking"" ""kiddie"" -is:retweet -is:quote -is:reply"
1243,"""tobacco"" ""kiddie"" -is:retweet -is:quote -is:reply"
1244,"""nicotine"" ""kiddie"" -is:retweet -is:quote -is:reply"
1245,"""addiction"" ""kiddie"" -is:retweet -is:quote -is:reply"
1246,"""alcohol"" ""kiddie"" -is:retweet -is:quote -is:reply"
1247,"""drunkenness"" ""kiddie"" -is:retweet -is:quote -is:reply"
1248,"""alcoholism"" ""kiddie"" -is:retweet -is:quote -is:reply"
1249,"""chemical dependency"" ""kiddie"" -is:retweet -is:quote -is:reply"
1250,"""lifestyle"" ""kiddie"" -is:retweet -is:quote -is:reply"
1251,"""life style"" ""kiddie"" -is:retweet -is:quote -is:reply"
1252,"""life-style"" ""kiddie"" -is:retweet -is:quote -is:reply"
1253,"""diet"" ""kiddie"" -is:retweet -is:quote -is:reply"
1254,"""dieting"" ""kiddie"" -is:retweet -is:quote -is:reply"
1255,"""overeating"" ""kiddie"" -is:retweet -is:quote -is:reply"
1256,"""obesity"" ""kiddie"" -is:retweet -is:quote -is:reply"
1257,"""overweight"" ""kiddie"" -is:retweet -is:quote -is:reply"
1258,"""anorexia"" ""kiddie"" -is:retweet -is:quote -is:reply"
1259,"""bulimia"" ""kiddie"" -is:retweet -is:quote -is:reply"
1260,"""underweight"" ""kiddie"" -is:retweet -is:quote -is:reply"
1261,"""food"" ""kiddie"" -is:retweet -is:quote -is:reply"
1262,"""nutrition"" ""kiddie"" -is:retweet -is:quote -is:reply"
1263,"""nutriment"" ""kiddie"" -is:retweet -is:quote -is:reply"
1264,"""nutrient"" ""kiddie"" -is:retweet -is:quote -is:reply"
1265,"""nourishment"" ""kiddie"" -is:retweet -is:quote -is:reply"
1266,"""sustenance"" ""kiddie"" -is:retweet -is:quote -is:reply"
1267,"""aliment"" ""kiddie"" -is:retweet -is:quote -is:reply"
1268,"""alimentation"" ""kiddie"" -is:retweet -is:quote -is:reply"
1269,"""solid food"" ""kiddie"" -is:retweet -is:quote -is:reply"
1270,"""healthy food"" ""kiddie"" -is:retweet -is:quote -is:reply"
1271,"""physical exercise"" ""kiddie"" -is:retweet -is:quote -is:reply"
1272,"""exercise"" ""kiddie"" -is:retweet -is:quote -is:reply"
1273,"""exercising"" ""kiddie"" -is:retweet -is:quote -is:reply"
1274,"""physical exertion"" ""kiddie"" -is:retweet -is:quote -is:reply"
1275,"""workout"" ""kiddie"" -is:retweet -is:quote -is:reply"
1276,"""fitness"" ""kiddie"" -is:retweet -is:quote -is:reply"
1277,"""physical fitness"" ""kiddie"" -is:retweet -is:quote -is:reply"
1278,"""sedentary"" ""kiddie"" -is:retweet -is:quote -is:reply"
1279,"""inactivity"" ""kiddie"" -is:retweet -is:quote -is:reply"
1280,"""lack of exercise"" ""kiddie"" -is:retweet -is:quote -is:reply"
1281,"""procrastination"" ""kiddie"" -is:retweet -is:quote -is:reply"
1282,"""laziness"" ""kiddie"" -is:retweet -is:quote -is:reply"
1283,"""sleep quality"" ""kiddie"" -is:retweet -is:quote -is:reply"
1284,"""fatigue"" ""kiddie"" -is:retweet -is:quote -is:reply"
1285,"""insomnia"" ""kiddie"" -is:retweet -is:quote -is:reply"
1286,"""internet"" ""kiddie"" -is:retweet -is:quote -is:reply"
1287,"""computer"" ""kiddie"" -is:retweet -is:quote -is:reply"
1288,"""screen time"" ""kiddie"" -is:retweet -is:quote -is:reply"
1289,"""smartphone"" ""kiddie"" -is:retweet -is:quote -is:reply"
1290,"""IPhone"" ""kiddie"" -is:retweet -is:quote -is:reply"
1291,"""Android"" ""kiddie"" -is:retweet -is:quote -is:reply"
1292,"""television"" ""kiddie"" -is:retweet -is:quote -is:reply"
1293,"""tv"" ""kiddie"" -is:retweet -is:quote -is:reply"
1294,"""social media"" ""kiddie"" -is:retweet -is:quote -is:reply"
1295,"""health"" ""kiddie"" -is:retweet -is:quote -is:reply"
1296,"""wellness"" ""kiddie"" -is:retweet -is:quote -is:reply"
1297,"""noncommunicable disease"" ""kiddie"" -is:retweet -is:quote -is:reply"
1298,"""NCD"" ""kiddie"" -is:retweet -is:quote -is:reply"
1299,"""chronic disease"" ""kiddie"" -is:retweet -is:quote -is:reply"
1300,"""chronic respiratory disease"" ""kiddie"" -is:retweet -is:quote -is:reply"
1301,"""asthma"" ""kiddie"" -is:retweet -is:quote -is:reply"
1302,"""chronic obstructive pulmonary disease"" ""kiddie"" -is:retweet -is:quote -is:reply"
1303,"""COPD"" ""kiddie"" -is:retweet -is:quote -is:reply"
1304,"""lung cancer"" ""kiddie"" -is:retweet -is:quote -is:reply"
1305,"""cystic fibrosis"" ""kiddie"" -is:retweet -is:quote -is:reply"
1306,"""sleep apnea"" ""kiddie"" -is:retweet -is:quote -is:reply"
1307,"""occupational lung disease"" ""kiddie"" -is:retweet -is:quote -is:reply"
1308,"""cancer"" ""kiddie"" -is:retweet -is:quote -is:reply"
1309,"""tumor"" ""kiddie"" -is:retweet -is:quote -is:reply"
1310,"""carcinoma"" ""kiddie"" -is:retweet -is:quote -is:reply"
1311,"""melanoma"" ""kiddie"" -is:retweet -is:quote -is:reply"
1312,"""malignancy"" ""kiddie"" -is:retweet -is:quote -is:reply"
1313,"""lymphoma"" ""kiddie"" -is:retweet -is:quote -is:reply"
1314,"""malignant neoplastic disease"" ""kiddie"" -is:retweet -is:quote -is:reply"
1315,"""diabetes"" ""kiddie"" -is:retweet -is:quote -is:reply"
1316,"""insulin-dependent"" ""kiddie"" -is:retweet -is:quote -is:reply"
1317,"""cardiovascular disease"" ""kiddie"" -is:retweet -is:quote -is:reply"
1318,"""heart failure"" ""kiddie"" -is:retweet -is:quote -is:reply"
1319,"""heart muscle disease"" ""kiddie"" -is:retweet -is:quote -is:reply"
1320,"""cardiomyopathy"" ""kiddie"" -is:retweet -is:quote -is:reply"
1321,"""heart valve disease"" ""kiddie"" -is:retweet -is:quote -is:reply"
1322,"""pericardial disease"" ""kiddie"" -is:retweet -is:quote -is:reply"
1323,"""peripheral vascular disease"" ""kiddie"" -is:retweet -is:quote -is:reply"
1324,"""rheumatic heart disease"" ""kiddie"" -is:retweet -is:quote -is:reply"
1325,"""stroke"" ""kiddie"" -is:retweet -is:quote -is:reply"
1326,"""vascular disease"" ""kiddie"" -is:retweet -is:quote -is:reply"
1327,"""heart attack"" ""kiddie"" -is:retweet -is:quote -is:reply"
1328,"""unstable angina"" ""kiddie"" -is:retweet -is:quote -is:reply"
1329,"""high blood pressure"" ""kiddie"" -is:retweet -is:quote -is:reply"
1330,"""mental health"" ""kiddie"" -is:retweet -is:quote -is:reply"
1331,"""vulnerability"" ""youth"" -is:retweet -is:quote -is:reply"
1332,"""exposure"" ""youth"" -is:retweet -is:quote -is:reply"
1333,"""habits"" ""youth"" -is:retweet -is:quote -is:reply"
1334,"""substance"" ""youth"" -is:retweet -is:quote -is:reply"
1335,"""drug"" ""youth"" -is:retweet -is:quote -is:reply"
1336,"""abuse"" ""youth"" -is:retweet -is:quote -is:reply"
1337,"""smoking"" ""youth"" -is:retweet -is:quote -is:reply"
1338,"""tobacco"" ""youth"" -is:retweet -is:quote -is:reply"
1339,"""nicotine"" ""youth"" -is:retweet -is:quote -is:reply"
1340,"""addiction"" ""youth"" -is:retweet -is:quote -is:reply"
1341,"""alcohol"" ""youth"" -is:retweet -is:quote -is:reply"
1342,"""drunkenness"" ""youth"" -is:retweet -is:quote -is:reply"
1343,"""alcoholism"" ""youth"" -is:retweet -is:quote -is:reply"
1344,"""chemical dependency"" ""youth"" -is:retweet -is:quote -is:reply"
1345,"""lifestyle"" ""youth"" -is:retweet -is:quote -is:reply"
1346,"""life style"" ""youth"" -is:retweet -is:quote -is:reply"
1347,"""life-style"" ""youth"" -is:retweet -is:quote -is:reply"
1348,"""diet"" ""youth"" -is:retweet -is:quote -is:reply"
1349,"""dieting"" ""youth"" -is:retweet -is:quote -is:reply"
1350,"""overeating"" ""youth"" -is:retweet -is:quote -is:reply"
1351,"""obesity"" ""youth"" -is:retweet -is:quote -is:reply"
1352,"""overweight"" ""youth"" -is:retweet -is:quote -is:reply"
1353,"""anorexia"" ""youth"" -is:retweet -is:quote -is:reply"
1354,"""bulimia"" ""youth"" -is:retweet -is:quote -is:reply"
1355,"""underweight"" ""youth"" -is:retweet -is:quote -is:reply"
1356,"""food"" ""youth"" -is:retweet -is:quote -is:reply"
1357,"""nutrition"" ""youth"" -is:retweet -is:quote -is:reply"
1358,"""nutriment"" ""youth"" -is:retweet -is:quote -is:reply"
1359,"""nutrient"" ""youth"" -is:retweet -is:quote -is:reply"
1360,"""nourishment"" ""youth"" -is:retweet -is:quote -is:reply"
1361,"""sustenance"" ""youth"" -is:retweet -is:quote -is:reply"
1362,"""aliment"" ""youth"" -is:retweet -is:quote -is:reply"
1363,"""alimentation"" ""youth"" -is:retweet -is:quote -is:reply"
1364,"""solid food"" ""youth"" -is:retweet -is:quote -is:reply"
1365,"""healthy food"" ""youth"" -is:retweet -is:quote -is:reply"
1366,"""physical exercise"" ""youth"" -is:retweet -is:quote -is:reply"
1367,"""exercise"" ""youth"" -is:retweet -is:quote -is:reply"
1368,"""exercising"" ""youth"" -is:retweet -is:quote -is:reply"
1369,"""physical exertion"" ""youth"" -is:retweet -is:quote -is:reply"
1370,"""workout"" ""youth"" -is:retweet -is:quote -is:reply"
1371,"""fitness"" ""youth"" -is:retweet -is:quote -is:reply"
1372,"""physical fitness"" ""youth"" -is:retweet -is:quote -is:reply"
1373,"""sedentary"" ""youth"" -is:retweet -is:quote -is:reply"
1374,"""inactivity"" ""youth"" -is:retweet -is:quote -is:reply"
1375,"""lack of exercise"" ""youth"" -is:retweet -is:quote -is:reply"
1376,"""procrastination"" ""youth"" -is:retweet -is:quote -is:reply"
1377,"""laziness"" ""youth"" -is:retweet -is:quote -is:reply"
1378,"""sleep quality"" ""youth"" -is:retweet -is:quote -is:reply"
1379,"""fatigue"" ""youth"" -is:retweet -is:quote -is:reply"
1380,"""insomnia"" ""youth"" -is:retweet -is:quote -is:reply"
1381,"""internet"" ""youth"" -is:retweet -is:quote -is:reply"
1382,"""computer"" ""youth"" -is:retweet -is:quote -is:reply"
1383,"""screen time"" ""youth"" -is:retweet -is:quote -is:reply"
1384,"""smartphone"" ""youth"" -is:retweet -is:quote -is:reply"
1385,"""IPhone"" ""youth"" -is:retweet -is:quote -is:reply"
1386,"""Android"" ""youth"" -is:retweet -is:quote -is:reply"
1387,"""television"" ""youth"" -is:retweet -is:quote -is:reply"
1388,"""tv"" ""youth"" -is:retweet -is:quote -is:reply"
1389,"""social media"" ""youth"" -is:retweet -is:quote -is:reply"
1390,"""health"" ""youth"" -is:retweet -is:quote -is:reply"
1391,"""wellness"" ""youth"" -is:retweet -is:quote -is:reply"
1392,"""noncommunicable disease"" ""youth"" -is:retweet -is:quote -is:reply"
1393,"""NCD"" ""youth"" -is:retweet -is:quote -is:reply"
1394,"""chronic disease"" ""youth"" -is:retweet -is:quote -is:reply"
1395,"""chronic respiratory disease"" ""youth"" -is:retweet -is:quote -is:reply"
1396,"""asthma"" ""youth"" -is:retweet -is:quote -is:reply"
1397,"""chronic obstructive pulmonary disease"" ""youth"" -is:retweet -is:quote -is:reply"
1398,"""COPD"" ""youth"" -is:retweet -is:quote -is:reply"
1399,"""lung cancer"" ""youth"" -is:retweet -is:quote -is:reply"
1400,"""cystic fibrosis"" ""youth"" -is:retweet -is:quote -is:reply"
1401,"""sleep apnea"" ""youth"" -is:retweet -is:quote -is:reply"
1402,"""occupational lung disease"" ""youth"" -is:retweet -is:quote -is:reply"
1403,"""cancer"" ""youth"" -is:retweet -is:quote -is:reply"
1404,"""tumor"" ""youth"" -is:retweet -is:quote -is:reply"
1405,"""carcinoma"" ""youth"" -is:retweet -is:quote -is:reply"
1406,"""melanoma"" ""youth"" -is:retweet -is:quote -is:reply"
1407,"""malignancy"" ""youth"" -is:retweet -is:quote -is:reply"
1408,"""lymphoma"" ""youth"" -is:retweet -is:quote -is:reply"
1409,"""malignant neoplastic disease"" ""youth"" -is:retweet -is:quote -is:reply"
1410,"""diabetes"" ""youth"" -is:retweet -is:quote -is:reply"
1411,"""insulin-dependent"" ""youth"" -is:retweet -is:quote -is:reply"
1412,"""cardiovascular disease"" ""youth"" -is:retweet -is:quote -is:reply"
1413,"""heart failure"" ""youth"" -is:retweet -is:quote -is:reply"
1414,"""heart muscle disease"" ""youth"" -is:retweet -is:quote -is:reply"
1415,"""cardiomyopathy"" ""youth"" -is:retweet -is:quote -is:reply"
1416,"""heart valve disease"" ""youth"" -is:retweet -is:quote -is:reply"
1417,"""pericardial disease"" ""youth"" -is:retweet -is:quote -is:reply"
1418,"""peripheral vascular disease"" ""youth"" -is:retweet -is:quote -is:reply"
1419,"""rheumatic heart disease"" ""youth"" -is:retweet -is:quote -is:reply"
1420,"""stroke"" ""youth"" -is:retweet -is:quote -is:reply"
1421,"""vascular disease"" ""youth"" -is:retweet -is:quote -is:reply"
1422,"""heart attack"" ""youth"" -is:retweet -is:quote -is:reply"
1423,"""unstable angina"" ""youth"" -is:retweet -is:quote -is:reply"
1424,"""high blood pressure"" ""youth"" -is:retweet -is:quote -is:reply"
1425,"""mental health"" ""youth"" -is:retweet -is:quote -is:reply"
1426,"""vulnerability"" ""pediatrics"" -is:retweet -is:quote -is:reply"
1427,"""exposure"" ""pediatrics"" -is:retweet -is:quote -is:reply"
1428,"""habits"" ""pediatrics"" -is:retweet -is:quote -is:reply"
1429,"""substance"" ""pediatrics"" -is:retweet -is:quote -is:reply"
1430,"""drug"" ""pediatrics"" -is:retweet -is:quote -is:reply"
1431,"""abuse"" ""pediatrics"" -is:retweet -is:quote -is:reply"
1432,"""smoking"" ""pediatrics"" -is:retweet -is:quote -is:reply"
1433,"""tobacco"" ""pediatrics"" -is:retweet -is:quote -is:reply"
1434,"""nicotine"" ""pediatrics"" -is:retweet -is:quote -is:reply"
1435,"""addiction"" ""pediatrics"" -is:retweet -is:quote -is:reply"
1436,"""alcohol"" ""pediatrics"" -is:retweet -is:quote -is:reply"
1437,"""drunkenness"" ""pediatrics"" -is:retweet -is:quote -is:reply"
1438,"""alcoholism"" ""pediatrics"" -is:retweet -is:quote -is:reply"
1439,"""chemical dependency"" ""pediatrics"" -is:retweet -is:quote -is:reply"
1440,"""lifestyle"" ""pediatrics"" -is:retweet -is:quote -is:reply"
1441,"""life style"" ""pediatrics"" -is:retweet -is:quote -is:reply"
1442,"""life-style"" ""pediatrics"" -is:retweet -is:quote -is:reply"
1443,"""diet"" ""pediatrics"" -is:retweet -is:quote -is:reply"
1444,"""dieting"" ""pediatrics"" -is:retweet -is:quote -is:reply"
1445,"""overeating"" ""pediatrics"" -is:retweet -is:quote -is:reply"
1446,"""obesity"" ""pediatrics"" -is:retweet -is:quote -is:reply"
1447,"""overweight"" ""pediatrics"" -is:retweet -is:quote -is:reply"
1448,"""anorexia"" ""pediatrics"" -is:retweet -is:quote -is:reply"
1449,"""bulimia"" ""pediatrics"" -is:retweet -is:quote -is:reply"
1450,"""underweight"" ""pediatrics"" -is:retweet -is:quote -is:reply"
1451,"""food"" ""pediatrics"" -is:retweet -is:quote -is:reply"
1452,"""nutrition"" ""pediatrics"" -is:retweet -is:quote -is:reply"
1453,"""nutriment"" ""pediatrics"" -is:retweet -is:quote -is:reply"
1454,"""nutrient"" ""pediatrics"" -is:retweet -is:quote -is:reply"
1455,"""nourishment"" ""pediatrics"" -is:retweet -is:quote -is:reply"
1456,"""sustenance"" ""pediatrics"" -is:retweet -is:quote -is:reply"
1457,"""aliment"" ""pediatrics"" -is:retweet -is:quote -is:reply"
1458,"""alimentation"" ""pediatrics"" -is:retweet -is:quote -is:reply"
1459,"""solid food"" ""pediatrics"" -is:retweet -is:quote -is:reply"
1460,"""healthy food"" ""pediatrics"" -is:retweet -is:quote -is:reply"
1461,"""physical exercise"" ""pediatrics"" -is:retweet -is:quote -is:reply"
1462,"""exercise"" ""pediatrics"" -is:retweet -is:quote -is:reply"
1463,"""exercising"" ""pediatrics"" -is:retweet -is:quote -is:reply"
1464,"""physical exertion"" ""pediatrics"" -is:retweet -is:quote -is:reply"
1465,"""workout"" ""pediatrics"" -is:retweet -is:quote -is:reply"
1466,"""fitness"" ""pediatrics"" -is:retweet -is:quote -is:reply"
1467,"""physical fitness"" ""pediatrics"" -is:retweet -is:quote -is:reply"
1468,"""sedentary"" ""pediatrics"" -is:retweet -is:quote -is:reply"
1469,"""inactivity"" ""pediatrics"" -is:retweet -is:quote -is:reply"
1470,"""lack of exercise"" ""pediatrics"" -is:retweet -is:quote -is:reply"
1471,"""procrastination"" ""pediatrics"" -is:retweet -is:quote -is:reply"
1472,"""laziness"" ""pediatrics"" -is:retweet -is:quote -is:reply"
1473,"""sleep quality"" ""pediatrics"" -is:retweet -is:quote -is:reply"
1474,"""fatigue"" ""pediatrics"" -is:retweet -is:quote -is:reply"
1475,"""insomnia"" ""pediatrics"" -is:retweet -is:quote -is:reply"
1476,"""internet"" ""pediatrics"" -is:retweet -is:quote -is:reply"
1477,"""computer"" ""pediatrics"" -is:retweet -is:quote -is:reply"
1478,"""screen time"" ""pediatrics"" -is:retweet -is:quote -is:reply"
1479,"""smartphone"" ""pediatrics"" -is:retweet -is:quote -is:reply"
1480,"""IPhone"" ""pediatrics"" -is:retweet -is:quote -is:reply"
1481,"""Android"" ""pediatrics"" -is:retweet -is:quote -is:reply"
1482,"""television"" ""pediatrics"" -is:retweet -is:quote -is:reply"
1483,"""tv"" ""pediatrics"" -is:retweet -is:quote -is:reply"
1484,"""social media"" ""pediatrics"" -is:retweet -is:quote -is:reply"
1485,"""health"" ""pediatrics"" -is:retweet -is:quote -is:reply"
1486,"""wellness"" ""pediatrics"" -is:retweet -is:quote -is:reply"
1487,"""noncommunicable disease"" ""pediatrics"" -is:retweet -is:quote -is:reply"
1488,"""NCD"" ""pediatrics"" -is:retweet -is:quote -is:reply"
1489,"""chronic disease"" ""pediatrics"" -is:retweet -is:quote -is:reply"
1490,"""chronic respiratory disease"" ""pediatrics"" -is:retweet -is:quote -is:reply"
1491,"""asthma"" ""pediatrics"" -is:retweet -is:quote -is:reply"
1492,"""chronic obstructive pulmonary disease"" ""pediatrics"" -is:retweet -is:quote -is:reply"
1493,"""COPD"" ""pediatrics"" -is:retweet -is:quote -is:reply"
1494,"""lung cancer"" ""pediatrics"" -is:retweet -is:quote -is:reply"
1495,"""cystic fibrosis"" ""pediatrics"" -is:retweet -is:quote -is:reply"
1496,"""sleep apnea"" ""pediatrics"" -is:retweet -is:quote -is:reply"
1497,"""occupational lung disease"" ""pediatrics"" -is:retweet -is:quote -is:reply"
1498,"""cancer"" ""pediatrics"" -is:retweet -is:quote -is:reply"
1499,"""tumor"" ""pediatrics"" -is:retweet -is:quote -is:reply"
1500,"""carcinoma"" ""pediatrics"" -is:retweet -is:quote -is:reply"
1501,"""melanoma"" ""pediatrics"" -is:retweet -is:quote -is:reply"
1502,"""malignancy"" ""pediatrics"" -is:retweet -is:quote -is:reply"
1503,"""lymphoma"" ""pediatrics"" -is:retweet -is:quote -is:reply"
1504,"""malignant neoplastic disease"" ""pediatrics"" -is:retweet -is:quote -is:reply"
1505,"""diabetes"" ""pediatrics"" -is:retweet -is:quote -is:reply"
1506,"""insulin-dependent"" ""pediatrics"" -is:retweet -is:quote -is:reply"
1507,"""cardiovascular disease"" ""pediatrics"" -is:retweet -is:quote -is:reply"
1508,"""heart failure"" ""pediatrics"" -is:retweet -is:quote -is:reply"
1509,"""heart muscle disease"" ""pediatrics"" -is:retweet -is:quote -is:reply"
1510,"""cardiomyopathy"" ""pediatrics"" -is:retweet -is:quote -is:reply"
1511,"""heart valve disease"" ""pediatrics"" -is:retweet -is:quote -is:reply"
1512,"""pericardial disease"" ""pediatrics"" -is:retweet -is:quote -is:reply"
1513,"""peripheral vascular disease"" ""pediatrics"" -is:retweet -is:quote -is:reply"
1514,"""rheumatic heart disease"" ""pediatrics"" -is:retweet -is:quote -is:reply"
1515,"""stroke"" ""pediatrics"" -is:retweet -is:quote -is:reply"
1516,"""vascular disease"" ""pediatrics"" -is:retweet -is:quote -is:reply"
1517,"""heart attack"" ""pediatrics"" -is:retweet -is:quote -is:reply"
1518,"""unstable angina"" ""pediatrics"" -is:retweet -is:quote -is:reply"
1519,"""high blood pressure"" ""pediatrics"" -is:retweet -is:quote -is:reply"
1520,"""mental health"" ""pediatrics"" -is:retweet -is:quote -is:reply"
